,Date,start hour,start min,end hour,end min,Activity
0,2010-11-04,0,3,5,40,7
1,2010-11-04,5,40,5,43,0
2,2010-11-04,5,43,8,1,7
3,2010-11-04,8,11,8,35,5
4,2010-11-04,9,29,9,34,6
5,2010-11-04,9,34,9,44,3
6,2010-11-04,9,48,9,56,5
7,2010-11-04,9,56,10,2,1
8,2010-11-04,10,3,10,4,8
9,2010-11-04,11,29,11,33,3
10,2010-11-04,11,41,11,41,4
11,2010-11-04,11,43,11,43,2
12,2010-11-04,11,43,11,43,4
13,2010-11-04,11,47,11,47,2
14,2010-11-04,14,46,15,13,6
15,2010-11-04,15,23,15,25,5
16,2010-11-04,15,25,15,28,1
17,2010-11-04,15,47,16,10,9
18,2010-11-04,16,15,16,21,6
19,2010-11-04,16,21,17,6,5
20,2010-11-04,17,6,17,27,6
21,2010-11-04,17,27,17,27,5
22,2010-11-04,17,28,17,33,6
23,2010-11-04,17,35,17,37,1
24,2010-11-04,17,37,17,55,8
25,2010-11-04,17,55,17,57,9
26,2010-11-05,0,0,4,18,7
27,2010-11-05,4,18,4,20,0
28,2010-11-05,4,21,7,48,7
29,2010-11-05,7,54,7,58,5
30,2010-11-05,7,58,9,30,9
31,2010-11-05,9,35,9,37,6
32,2010-11-05,9,42,11,12,3
33,2010-11-05,11,14,11,14,4
34,2010-11-05,12,48,12,48,2
35,2010-11-05,12,59,13,0,4
36,2010-11-05,13,0,13,1,2
37,2010-11-05,13,25,13,25,4
38,2010-11-05,13,25,13,25,2
39,2010-11-05,13,27,13,30,9
40,2010-11-05,13,38,13,45,6
41,2010-11-05,13,49,13,49,4
42,2010-11-05,15,50,15,51,2
43,2010-11-05,16,0,16,0,4
44,2010-11-05,16,19,16,19,2
45,2010-11-05,16,19,16,25,5
46,2010-11-05,16,25,16,29,1
47,2010-11-05,16,29,16,30,8
48,2010-11-05,16,30,16,30,4
49,2010-11-05,16,30,16,31,2
50,2010-11-05,22,20,22,38,9
51,2010-11-05,22,48,4,23,7
52,2010-11-06,4,23,4,27,0
53,2010-11-06,4,27,8,57,7
54,2010-11-06,9,9,9,28,5
55,2010-11-06,9,28,9,37,1
56,2010-11-06,9,38,9,41,8
57,2010-11-06,10,28,10,30,9
58,2010-11-06,10,36,11,11,3
59,2010-11-06,11,11,11,25,6
60,2010-11-06,11,25,11,48,3
61,2010-11-06,11,55,12,2,5
62,2010-11-06,12,2,12,9,1
63,2010-11-06,12,9,12,11,8
64,2010-11-06,12,35,12,49,1
65,2010-11-06,13,1,13,1,4
66,2010-11-06,16,59,16,59,2
67,2010-11-06,17,5,17,5,4
68,2010-11-06,17,6,17,6,2
69,2010-11-06,17,7,17,7,4
70,2010-11-06,17,34,17,34,2
71,2010-11-06,18,29,23,26,6
72,2010-11-06,23,28,23,52,9
73,2010-11-09,0,30,0,32,0
74,2010-11-09,0,33,5,31,7
75,2010-11-09,5,31,5,34,0
76,2010-11-09,5,34,8,39,7
77,2010-11-09,8,46,9,11,5
78,2010-11-09,9,11,9,38,6
79,2010-11-09,9,49,9,54,5
80,2010-11-09,10,12,10,13,3
81,2010-11-09,10,13,10,23,6
82,2010-11-09,10,24,11,32,3
83,2010-11-09,11,34,11,34,4
84,2010-11-09,11,36,11,36,2
85,2010-11-09,11,41,11,41,4
86,2010-11-09,13,47,13,47,2
87,2010-11-09,13,47,13,53,1
88,2010-11-09,13,53,14,0,5
89,2010-11-09,14,0,14,8,1
90,2010-11-09,14,8,14,47,6
91,2010-11-09,14,55,14,55,4
92,2010-11-09,15,12,15,12,2
93,2010-11-09,15,29,16,24,6
94,2010-11-09,17,48,18,6,5
95,2010-11-09,18,6,18,10,1
96,2010-11-09,18,10,18,11,5
97,2010-11-09,18,12,19,1,1
98,2010-11-09,19,2,19,10,8
99,2010-11-09,19,17,20,41,9
100,2010-11-09,20,47,23,56,6
101,2010-11-09,23,58,0,0,7
102,2010-11-10,0,9,6,41,7
103,2010-11-10,6,49,6,59,5
104,2010-11-10,7,9,7,25,6
105,2010-11-10,7,28,7,29,5
106,2010-11-10,7,30,7,52,6
107,2010-11-10,9,11,9,12,5
108,2010-11-10,9,23,9,29,1
109,2010-11-10,9,39,9,40,4
110,2010-11-10,17,39,17,39,2
111,2010-11-10,18,11,18,28,5
112,2010-11-10,18,28,18,34,1
113,2010-11-10,18,34,18,42,5
114,2010-11-10,18,42,18,53,1
115,2010-11-10,19,1,23,14,6
116,2010-11-10,23,27,5,13,7
117,2010-11-11,5,13,5,16,0
118,2010-11-11,5,16,8,40,7
119,2010-11-11,8,45,9,34,5
120,2010-11-11,9,36,9,51,6
121,2010-11-11,9,52,9,53,9
122,2010-11-11,9,57,10,7,5
123,2010-11-11,10,7,10,13,1
124,2010-11-11,10,58,11,8,9
125,2010-11-11,11,42,11,42,4
126,2010-11-11,13,25,13,26,2
127,2010-11-11,13,38,13,44,5
128,2010-11-11,13,44,13,52,1
129,2010-11-11,13,57,14,4,6
130,2010-11-11,14,16,14,16,4
131,2010-11-11,15,48,15,48,2
132,2010-11-11,16,37,19,44,6
133,2010-11-11,19,57,20,0,5
134,2010-11-11,20,5,20,25,6
135,2010-11-11,20,26,20,33,5
136,2010-11-11,20,39,20,51,6
137,2010-11-11,20,52,20,53,5
138,2010-11-11,21,2,21,22,9
139,2010-11-11,21,22,21,23,5
140,2010-11-11,21,24,22,4,6
141,2010-11-11,22,4,22,5,5
142,2010-11-11,22,10,22,24,1
143,2010-11-11,22,40,4,31,7
144,2010-11-12,4,31,4,35,0
145,2010-11-12,4,35,8,13,7
146,2010-11-12,8,27,8,51,5
147,2010-11-12,8,52,8,56,6
148,2010-11-12,8,56,9,2,5
149,2010-11-12,9,9,9,44,6
150,2010-11-12,10,6,10,32,5
151,2010-11-12,10,37,10,42,1
152,2010-11-12,11,20,11,23,9
153,2010-11-12,11,46,11,46,4
154,2010-11-12,11,46,11,46,2
155,2010-11-12,11,46,11,46,4
156,2010-11-12,13,43,13,43,2
157,2010-11-12,13,48,13,48,4
158,2010-11-12,13,48,13,48,2
159,2010-11-12,13,50,13,51,5
160,2010-11-12,13,51,14,3,1
161,2010-11-12,14,21,14,21,4
162,2010-11-12,15,12,15,12,2
163,2010-11-12,15,23,15,56,9
164,2010-11-12,15,57,16,9,3
165,2010-11-12,16,10,16,38,9
166,2010-11-12,16,39,16,40,5
167,2010-11-12,16,42,16,42,4
168,2010-11-12,16,43,16,43,2
169,2010-11-12,16,43,16,44,5
170,2010-11-12,16,45,16,54,1
171,2010-11-12,16,56,23,41,6
172,2010-11-12,23,56,5,16,7
173,2010-11-14,6,10,6,27,5
174,2010-11-14,6,28,6,36,1
175,2010-11-14,6,37,6,40,8
176,2010-11-14,6,40,8,18,6
177,2010-11-14,8,20,8,20,4
178,2010-11-14,12,2,12,2,2
179,2010-11-14,12,4,12,23,6
180,2010-11-14,17,28,17,36,5
181,2010-11-14,17,57,18,10,6
182,2010-11-14,18,11,18,16,5
183,2010-11-14,18,16,18,27,6
184,2010-11-14,18,32,18,33,5
185,2010-11-14,18,33,19,27,6
186,2010-11-14,19,28,19,29,5
187,2010-11-14,19,29,23,44,6
188,2010-11-14,23,54,5,32,7
189,2010-11-15,5,32,5,35,0
190,2010-11-15,5,35,7,33,7
191,2010-11-15,7,39,8,28,5
192,2010-11-15,9,3,10,21,6
193,2010-11-15,10,21,10,27,9
194,2010-11-15,10,36,10,39,3
195,2010-11-15,10,41,10,41,4
196,2010-11-15,11,46,11,46,2
197,2010-11-15,11,52,11,52,4
198,2010-11-15,14,48,14,48,2
199,2010-11-15,14,49,14,49,4
200,2010-11-15,14,50,14,50,2
201,2010-11-15,14,59,14,59,4
202,2010-11-15,14,59,15,0,2
203,2010-11-15,15,2,15,2,4
204,2010-11-15,15,3,15,3,2
205,2010-11-15,15,4,15,4,4
206,2010-11-15,15,4,15,5,2
207,2010-11-15,15,5,15,5,4
208,2010-11-15,15,6,15,6,2
209,2010-11-15,15,6,15,8,5
210,2010-11-15,15,8,15,39,1
211,2010-11-15,15,39,15,46,8
212,2010-11-15,15,58,16,8,6
213,2010-11-15,16,15,16,15,4
214,2010-11-15,19,8,19,8,2
215,2010-11-15,19,15,19,30,5
216,2010-11-15,19,31,19,39,1
217,2010-11-15,19,42,22,0,6
218,2010-11-15,23,48,0,37,7
219,2010-11-16,0,37,0,39,0
220,2010-11-16,0,39,8,48,7
221,2010-11-16,9,1,9,16,5
222,2010-11-16,9,17,9,32,6
223,2010-11-16,9,32,9,36,5
224,2010-11-16,9,36,9,51,6
225,2010-11-16,9,51,9,52,5
226,2010-11-16,9,52,10,3,1
227,2010-11-16,10,13,10,19,8
228,2010-11-16,11,1,11,2,3
229,2010-11-16,11,9,11,10,4
230,2010-11-16,11,21,11,21,2
231,2010-11-16,11,26,11,38,6
232,2010-11-16,11,42,11,42,4
233,2010-11-16,12,3,12,3,2
234,2010-11-16,12,15,13,7,9
235,2010-11-16,13,23,14,32,6
236,2010-11-16,14,32,15,7,3
237,2010-11-16,15,10,15,28,9
238,2010-11-16,15,29,16,48,6
239,2010-11-16,16,54,17,30,5
240,2010-11-16,17,42,17,54,6
241,2010-11-16,17,54,17,55,5
242,2010-11-16,17,55,23,24,6
243,2010-11-16,23,42,0,24,7
244,2010-11-17,0,24,0,25,0
245,2010-11-17,0,25,2,58,7
246,2010-11-17,2,58,3,1,0
247,2010-11-17,3,2,7,5,7
248,2010-11-17,7,13,7,20,5
249,2010-11-17,7,20,7,22,1
250,2010-11-17,7,24,7,28,8
251,2010-11-17,9,1,9,7,3
252,2010-11-17,9,7,9,7,4
253,2010-11-17,9,8,9,8,2
254,2010-11-17,9,31,9,31,4
255,2010-11-17,18,48,18,49,2
256,2010-11-17,18,53,19,18,5
257,2010-11-17,19,18,19,35,1
258,2010-11-17,19,35,19,37,8
259,2010-11-17,19,42,0,0,6
260,2010-11-20,0,14,0,36,7
261,2010-11-20,0,36,0,37,0
262,2010-11-20,0,38,3,31,7
263,2010-11-20,3,31,3,34,0
264,2010-11-20,3,34,8,18,7
265,2010-11-20,8,20,9,11,5
266,2010-11-20,9,18,9,22,9
267,2010-11-20,9,34,9,46,5
268,2010-11-20,9,46,9,54,1
269,2010-11-20,9,55,10,15,6
270,2010-11-20,11,0,11,11,8
271,2010-11-20,11,20,12,9,6
272,2010-11-20,12,37,13,5,9
273,2010-11-20,13,6,13,27,6
274,2010-11-20,13,28,13,40,5
275,2010-11-20,13,50,14,36,1
276,2010-11-20,14,45,14,55,8
277,2010-11-20,16,16,23,37,6
278,2010-11-20,23,38,0,17,7
279,2010-11-21,0,17,0,21,0
280,2010-11-21,0,21,6,17,7
281,2010-11-21,6,21,6,35,5
282,2010-11-21,6,36,6,53,6
283,2010-11-21,8,11,8,11,4
284,2010-11-21,8,14,8,15,2
285,2010-11-21,8,16,8,16,4
286,2010-11-21,11,0,11,0,2
287,2010-11-21,11,53,13,4,9
288,2010-11-21,13,16,13,28,6
289,2010-11-21,13,36,13,36,4
290,2010-11-21,13,36,13,36,2
291,2010-11-21,13,39,13,39,4
292,2010-11-21,14,48,14,48,2
293,2010-11-21,14,57,14,58,4
294,2010-11-21,15,0,15,0,2
295,2010-11-21,15,0,15,0,4
296,2010-11-21,15,1,15,1,2
297,2010-11-21,15,1,15,1,4
298,2010-11-21,15,1,15,1,2
299,2010-11-21,15,6,15,6,4
300,2010-11-21,15,7,15,7,2
301,2010-11-21,15,10,15,10,4
302,2010-11-21,15,11,15,11,2
303,2010-11-21,15,40,21,24,6
304,2010-11-21,21,54,22,19,7
305,2010-11-21,22,19,22,20,0
306,2010-11-21,22,21,5,44,7
307,2010-11-22,5,44,5,47,0
308,2010-11-22,5,48,6,32,7
309,2010-11-22,6,35,7,23,5
310,2010-11-22,8,36,8,50,6
311,2010-11-22,9,18,9,26,5
312,2010-11-22,9,26,9,30,1
313,2010-11-22,9,38,9,48,8
314,2010-11-22,9,50,17,2,6
315,2010-11-22,17,2,17,28,3
316,2010-11-22,17,30,18,22,6
317,2010-11-22,18,23,18,32,5
318,2010-11-22,18,34,18,39,6
319,2010-11-22,18,41,18,42,5
320,2010-11-22,18,44,18,49,6
321,2010-11-22,18,49,18,50,5
322,2010-11-22,18,51,0,12,6
323,2010-11-23,0,27,5,53,7
324,2010-11-23,5,53,5,56,0
325,2010-11-23,5,57,8,37,7
326,2010-11-23,8,44,8,55,5
327,2010-11-23,8,56,10,21,6
328,2010-11-23,11,15,11,15,4
329,2010-11-23,12,26,12,26,2
330,2010-11-23,12,38,15,47,6
331,2010-11-23,15,57,16,0,3
332,2010-11-23,16,2,17,13,6
333,2010-11-23,17,23,17,27,9
334,2010-11-23,17,29,23,56,6
335,2010-11-26,0,32,0,44,6
336,2010-11-26,0,49,5,51,7
337,2010-11-26,5,51,5,55,0
338,2010-11-26,5,56,9,2,7
339,2010-11-26,9,8,9,20,5
340,2010-11-26,9,21,10,23,6
341,2010-11-26,11,21,11,21,4
342,2010-11-26,14,0,14,0,2
343,2010-11-26,14,4,14,4,4
344,2010-11-26,14,5,14,5,2
345,2010-11-26,14,24,15,20,6
346,2010-11-26,15,23,15,34,5
347,2010-11-26,15,41,16,7,1
348,2010-11-26,16,9,23,44,6
349,2010-11-26,23,55,5,24,7
350,2010-11-28,5,21,5,24,0
351,2010-11-28,5,25,8,18,7
352,2010-11-28,8,19,8,29,6
353,2010-11-28,8,40,9,2,5
354,2010-11-28,10,22,10,42,6
355,2010-11-28,10,43,10,46,5
356,2010-11-28,10,48,11,11,1
357,2010-11-28,14,47,15,48,3
358,2010-11-28,17,6,17,54,5
359,2010-11-28,17,55,21,37,6
360,2010-11-28,21,37,21,47,5
361,2010-11-28,21,47,21,53,1
362,2010-11-28,22,1,0,14,6
363,2010-11-29,0,34,1,38,7
364,2010-11-29,1,38,1,39,0
365,2010-11-29,1,39,7,13,7
366,2010-11-29,7,18,7,31,5
367,2010-11-29,10,37,10,37,4
368,2010-11-29,10,39,10,39,2
369,2010-11-29,10,39,10,39,4
370,2010-11-29,14,40,14,40,2
371,2010-11-29,14,43,15,9,6
372,2010-11-29,15,17,15,27,5
373,2010-11-29,15,28,16,13,6
374,2010-11-29,16,55,16,55,4
375,2010-11-29,18,29,18,29,2
376,2010-11-29,18,37,18,56,5
377,2010-11-29,18,58,19,10,6
378,2010-11-29,19,14,19,16,5
379,2010-11-29,19,16,19,24,1
380,2010-11-29,19,24,21,37,6
381,2010-11-29,21,42,21,44,8
382,2010-11-29,21,44,0,5,6
383,2010-11-30,0,17,0,39,7
384,2010-11-30,0,39,0,40,0
385,2010-11-30,0,40,6,3,7
386,2010-11-30,6,3,6,6,0
387,2010-11-30,6,6,8,43,7
388,2010-11-30,8,56,10,25,5
389,2010-11-30,10,26,10,31,1
390,2010-11-30,11,32,11,32,4
391,2010-11-30,11,32,11,32,2
392,2010-11-30,11,33,11,33,4
393,2010-11-30,13,55,13,55,2
394,2010-11-30,13,57,14,3,5
395,2010-11-30,14,3,14,25,6
396,2010-11-30,14,32,14,32,4
397,2010-11-30,15,12,15,12,2
398,2010-11-30,15,21,16,7,6
399,2010-11-30,16,12,16,24,1
400,2010-11-30,16,35,16,36,4
401,2010-11-30,16,44,16,44,2
402,2010-11-30,17,16,17,24,6
403,2010-11-30,17,26,17,39,5
404,2010-11-30,17,41,18,4,6
405,2010-11-30,18,14,18,24,1
406,2010-11-30,18,26,22,25,6
407,2010-11-30,22,30,8,51,7
408,2010-12-01,8,59,9,6,5
409,2010-12-01,9,6,9,45,6
410,2010-12-01,10,4,10,12,1
411,2010-12-01,10,15,10,29,8
412,2010-12-01,11,22,11,22,4
413,2010-12-01,13,43,13,43,2
414,2010-12-01,13,49,14,47,6
415,2010-12-01,14,50,15,30,3
416,2010-12-01,16,3,17,45,6
417,2010-12-01,17,54,18,10,5
418,2010-12-01,18,15,18,21,1
419,2010-12-01,18,21,18,31,8
420,2010-12-01,18,32,23,10,6
421,2010-12-01,23,29,4,31,7
422,2010-12-02,4,32,4,36,0
423,2010-12-02,4,36,5,55,7
424,2010-12-02,5,57,6,9,5
425,2010-12-02,6,12,6,41,6
426,2010-12-02,7,55,7,58,5
427,2010-12-02,7,58,8,3,1
428,2010-12-02,8,31,8,31,4
429,2010-12-02,11,14,11,14,2
430,2010-12-02,11,43,11,43,4
431,2010-12-02,15,30,15,31,2
432,2010-12-02,15,32,15,32,4
433,2010-12-02,15,32,15,32,2
434,2010-12-02,15,49,20,7,6
435,2010-12-02,20,8,20,26,5
436,2010-12-02,20,28,20,46,1
437,2010-12-02,20,47,21,45,6
438,2010-12-02,21,46,21,50,8
439,2010-12-02,21,50,0,8,6
440,2010-12-03,0,16,0,39,7
441,2010-12-03,0,40,0,42,0
442,2010-12-03,0,43,8,25,7
443,2010-12-03,8,36,8,42,5
444,2010-12-03,8,43,8,49,6
445,2010-12-03,8,49,8,51,5
446,2010-12-03,8,54,9,56,6
447,2010-12-03,10,54,10,55,5
448,2010-12-03,10,55,11,1,1
449,2010-12-03,11,12,11,12,4
450,2010-12-03,11,15,11,15,2
451,2010-12-03,11,21,11,21,4
452,2010-12-03,11,21,11,21,2
453,2010-12-03,11,33,11,33,4
454,2010-12-03,11,33,11,33,2
455,2010-12-03,11,34,11,34,4
456,2010-12-03,15,59,15,59,2
457,2010-12-03,16,15,17,43,6
458,2010-12-03,17,48,17,56,5
459,2010-12-03,17,59,0,2,6
460,2010-12-04,0,15,7,31,7
461,2010-12-04,7,32,7,36,0
462,2010-12-04,7,36,7,48,7
463,2010-12-04,7,50,8,47,5
464,2010-12-04,8,51,11,10,6
465,2010-12-04,11,18,11,18,4
466,2010-12-04,11,18,11,18,2
467,2010-12-04,11,30,11,30,4
468,2010-12-04,15,54,15,54,2
469,2010-12-04,15,55,15,55,4
470,2010-12-04,15,55,15,55,2
471,2010-12-04,15,56,15,56,4
472,2010-12-04,15,56,15,56,2
473,2010-12-04,15,58,15,58,4
474,2010-12-04,15,58,15,58,2
475,2010-12-04,16,29,19,12,6
476,2010-12-04,19,12,19,29,5
477,2010-12-04,19,30,19,43,1
478,2010-12-04,19,43,19,47,8
479,2010-12-04,19,47,22,30,6
480,2010-12-04,22,36,22,59,7
481,2010-12-04,22,59,23,1,0
482,2010-12-04,23,1,4,35,7
483,2010-12-05,4,35,4,39,0
484,2010-12-05,4,39,5,57,7
485,2010-12-05,5,59,6,20,5
486,2010-12-05,6,22,6,48,6
487,2010-12-05,8,14,8,14,4
488,2010-12-05,11,1,11,1,2
489,2010-12-05,11,30,11,30,4
490,2010-12-05,11,31,11,31,2
491,2010-12-05,11,31,16,52,9
492,2010-12-05,17,24,18,5,5
493,2010-12-05,18,12,22,3,6
494,2010-12-05,22,18,4,18,7
495,2010-12-06,4,19,4,22,0
496,2010-12-06,4,22,6,52,7
497,2010-12-06,8,15,8,15,4
498,2010-12-06,8,29,8,29,2
499,2010-12-06,8,43,9,47,6
500,2010-12-06,9,47,9,49,5
501,2010-12-06,9,54,10,5,6
502,2010-12-06,10,6,10,13,5
503,2010-12-06,10,15,10,20,1
504,2010-12-06,11,42,11,42,4
505,2010-12-06,13,37,13,38,2
506,2010-12-06,13,45,13,45,4
507,2010-12-06,14,2,14,2,2
508,2010-12-06,14,3,14,12,5
509,2010-12-06,14,12,14,36,6
510,2010-12-06,15,32,16,29,9
511,2010-12-06,16,34,23,20,6
512,2010-12-06,23,49,0,20,7
513,2010-12-07,0,20,0,23,0
514,2010-12-07,0,23,5,15,7
515,2010-12-07,5,15,5,17,0
516,2010-12-07,5,17,8,19,7
517,2010-12-07,8,34,8,52,5
518,2010-12-07,8,52,10,6,6
519,2010-12-07,10,12,10,18,5
520,2010-12-07,10,18,10,24,1
521,2010-12-07,11,39,11,39,4
522,2010-12-07,14,35,14,35,2
523,2010-12-07,14,41,14,41,4
524,2010-12-07,14,42,14,42,2
525,2010-12-07,14,51,14,51,4
526,2010-12-07,15,16,15,17,2
527,2010-12-07,15,24,15,39,5
528,2010-12-07,15,40,15,53,1
529,2010-12-07,16,27,16,54,8
530,2010-12-07,17,1,17,34,5
531,2010-12-07,17,34,17,44,1
532,2010-12-07,18,38,18,39,4
533,2010-12-07,18,39,18,39,2
534,2010-12-07,18,39,18,39,4
535,2010-12-07,18,40,18,40,2
536,2010-12-07,18,48,22,28,6
537,2010-12-07,22,40,4,5,7
538,2010-12-08,4,5,4,7,0
539,2010-12-08,4,8,8,48,7
540,2010-12-08,8,58,9,14,5
541,2010-12-08,9,15,10,3,6
542,2010-12-08,10,24,10,27,9
543,2010-12-08,10,56,11,40,3
544,2010-12-08,11,42,11,42,4
545,2010-12-08,11,43,11,43,2
546,2010-12-08,11,43,11,44,4
547,2010-12-08,14,2,14,2,2
548,2010-12-08,14,18,14,33,9
549,2010-12-08,14,44,16,35,6
550,2010-12-08,16,50,17,9,9
551,2010-12-08,17,11,17,14,5
552,2010-12-08,17,19,17,29,1
553,2010-12-08,17,31,17,48,8
554,2010-12-08,17,48,23,3,6
555,2010-12-08,23,25,3,9,7
556,2010-12-09,3,9,3,12,0
557,2010-12-09,3,12,5,57,7
558,2010-12-09,6,2,6,6,5
559,2010-12-09,6,14,6,38,6
560,2010-12-09,6,58,7,1,9
561,2010-12-09,8,1,8,4,5
562,2010-12-09,8,4,8,8,1
563,2010-12-09,8,28,8,28,4
564,2010-12-09,13,16,13,16,2
565,2010-12-09,13,20,13,35,6
566,2010-12-09,13,50,14,21,9
567,2010-12-09,14,29,14,29,4
568,2010-12-09,16,25,16,25,2
569,2010-12-09,16,31,16,48,5
570,2010-12-09,16,48,18,6,6
571,2010-12-09,18,18,18,18,4
572,2010-12-09,18,19,18,19,2
573,2010-12-09,18,19,18,20,4
574,2010-12-09,21,29,21,29,2
575,2010-12-09,21,46,23,0,6
576,2010-12-09,23,8,5,57,7
577,2010-12-10,6,5,6,25,5
578,2010-12-10,6,26,7,12,6
579,2010-12-10,8,6,8,6,4
580,2010-12-10,9,35,9,35,2
581,2010-12-10,9,42,9,42,4
582,2010-12-10,13,28,13,28,2
583,2010-12-10,13,31,17,34,6
584,2010-12-10,17,35,17,41,3
585,2010-12-10,17,49,17,54,6
586,2010-12-10,18,8,18,8,4
587,2010-12-10,18,10,18,10,2
588,2010-12-10,18,35,18,52,6
589,2010-12-10,19,2,19,2,4
590,2010-12-10,23,8,23,8,2
591,2010-12-10,23,10,23,56,6
592,2010-12-11,0,8,1,36,6
593,2010-12-11,1,40,8,29,7
594,2010-12-11,8,40,8,51,5
595,2010-12-11,8,52,9,12,6
596,2010-12-11,10,58,10,59,4
597,2010-12-11,13,25,13,25,2
598,2010-12-11,13,49,23,26,6
599,2010-12-11,23,27,23,43,7
600,2010-12-11,23,43,23,46,0
601,2010-12-11,23,46,3,47,7
602,2010-12-13,3,3,3,6,0
603,2010-12-13,3,6,5,57,7
604,2010-12-13,6,2,6,14,5
605,2010-12-13,6,15,6,29,6
606,2010-12-13,7,50,7,51,4
607,2010-12-13,9,38,9,38,2
608,2010-12-13,9,44,9,45,4
609,2010-12-13,9,45,9,45,2
610,2010-12-13,9,48,9,56,6
611,2010-12-13,9,57,10,8,5
612,2010-12-13,10,8,10,19,6
613,2010-12-13,10,20,10,36,5
614,2010-12-13,10,37,12,31,6
615,2010-12-13,12,31,12,59,5
616,2010-12-13,13,2,13,31,1
617,2010-12-13,13,31,13,32,5
618,2010-12-13,13,38,13,45,1
619,2010-12-13,13,50,14,1,9
620,2010-12-13,14,2,14,22,1
621,2010-12-13,14,23,14,39,9
622,2010-12-13,14,47,14,56,6
623,2010-12-13,15,16,15,16,4
624,2010-12-13,15,18,15,18,2
625,2010-12-13,15,35,15,35,4
626,2010-12-13,19,42,19,43,2
627,2010-12-13,19,51,20,5,5
628,2010-12-13,20,7,20,27,1
629,2010-12-13,20,28,0,4,6
630,2010-12-14,0,8,6,20,7
631,2010-12-14,6,20,6,23,0
632,2010-12-14,6,23,8,37,7
633,2010-12-14,8,40,8,46,5
634,2010-12-14,8,54,9,26,6
635,2010-12-14,9,50,10,1,5
636,2010-12-14,10,1,10,1,4
637,2010-12-14,10,3,10,3,2
638,2010-12-14,10,3,10,10,5
639,2010-12-14,10,10,10,15,1
640,2010-12-14,11,2,11,6,6
641,2010-12-14,11,23,11,23,4
642,2010-12-14,11,24,11,24,2
643,2010-12-14,11,29,11,29,4
644,2010-12-14,15,12,15,12,2
645,2010-12-14,15,16,15,50,5
646,2010-12-14,15,51,15,57,1
647,2010-12-14,16,0,16,2,5
648,2010-12-14,16,3,16,8,1
649,2010-12-14,16,13,17,30,6
650,2010-12-14,17,38,17,43,5
651,2010-12-14,17,57,17,57,4
652,2010-12-14,17,58,17,58,2
653,2010-12-14,18,10,18,11,4
654,2010-12-14,18,11,18,11,2
655,2010-12-14,18,16,0,1,6
656,2010-12-15,0,9,0,42,7
657,2010-12-15,0,42,0,43,0
658,2010-12-15,0,43,5,12,7
659,2010-12-15,5,13,5,16,0
660,2010-12-15,5,16,8,22,7
661,2010-12-15,8,33,8,50,5
662,2010-12-15,8,52,9,51,6
663,2010-12-15,9,53,10,1,5
664,2010-12-15,10,1,10,9,1
665,2010-12-15,11,27,11,27,4
666,2010-12-15,12,24,12,24,2
667,2010-12-15,12,33,12,40,6
668,2010-12-15,12,42,12,42,4
669,2010-12-15,16,4,16,4,2
670,2010-12-15,16,11,0,23,6
671,2010-12-16,0,33,6,57,7
672,2010-12-16,7,10,7,21,5
673,2010-12-16,7,23,7,46,6
674,2010-12-16,8,47,8,47,4
675,2010-12-16,10,39,10,39,2
676,2010-12-16,11,0,11,19,5
677,2010-12-16,11,19,11,24,1
678,2010-12-16,11,24,11,31,8
679,2010-12-16,11,43,11,43,4
680,2010-12-16,14,6,14,7,2
681,2010-12-16,14,15,14,39,5
682,2010-12-16,14,39,20,21,6
683,2010-12-16,20,25,20,37,5
684,2010-12-16,20,37,23,59,6
685,2010-12-16,23,59,6,6,7
686,2010-12-17,6,6,6,9,0
687,2010-12-17,6,9,8,39,7
688,2010-12-17,8,48,9,6,5
689,2010-12-17,9,6,10,33,6
690,2010-12-17,10,35,10,42,5
691,2010-12-17,10,42,10,46,1
692,2010-12-17,11,43,11,43,4
693,2010-12-17,15,1,15,1,2
694,2010-12-17,15,16,15,32,5
695,2010-12-17,15,33,15,59,6
696,2010-12-17,16,9,16,9,4
697,2010-12-17,17,13,17,13,2
698,2010-12-17,17,25,17,48,5
699,2010-12-17,17,48,18,5,3
700,2010-12-17,18,30,19,1,5
701,2010-12-17,19,7,0,40,6
702,2010-12-18,0,57,1,27,7
703,2010-12-18,1,27,1,28,0
704,2010-12-18,1,29,7,5,7
705,2010-12-18,7,5,7,7,0
706,2010-12-18,7,7,8,26,7
707,2010-12-18,8,28,8,43,5
708,2010-12-18,8,44,9,45,6
709,2010-12-18,10,19,10,31,5
710,2010-12-18,10,31,10,38,1
711,2010-12-18,11,0,11,0,4
712,2010-12-18,14,32,14,32,2
713,2010-12-18,14,33,15,4,3
714,2010-12-18,15,12,17,51,6
715,2010-12-18,17,55,18,51,5
716,2010-12-18,18,51,19,33,6
717,2010-12-18,19,34,19,36,5
718,2010-12-18,19,36,19,44,1
719,2010-12-18,20,5,1,43,6
720,2010-12-19,1,48,7,23,7
721,2010-12-19,7,23,7,28,0
722,2010-12-19,7,28,7,48,7
723,2010-12-19,7,52,8,11,5
724,2010-12-19,8,11,9,8,6
725,2010-12-19,10,8,10,8,4
726,2010-12-19,11,50,11,50,2
727,2010-12-19,11,54,12,7,5
728,2010-12-19,12,8,13,19,6
729,2010-12-19,13,28,13,28,4
730,2010-12-19,15,48,15,49,2
731,2010-12-19,17,0,17,46,5
732,2010-12-19,18,0,18,5,6
733,2010-12-19,18,6,18,19,9
734,2010-12-19,18,19,18,26,6
735,2010-12-19,18,28,18,28,4
736,2010-12-19,18,55,18,55,2
737,2010-12-19,19,4,23,37,6
738,2010-12-19,23,53,0,23,7
739,2010-12-20,0,23,0,24,0
740,2010-12-20,0,24,5,12,7
741,2010-12-20,5,13,5,17,0
742,2010-12-20,5,17,8,5,7
743,2010-12-20,8,17,8,20,5
744,2010-12-20,8,20,8,27,6
745,2010-12-20,8,27,8,37,5
746,2010-12-20,8,41,9,23,6
747,2010-12-20,10,23,10,23,4
748,2010-12-20,12,41,12,41,2
749,2010-12-20,13,4,13,11,5
750,2010-12-20,13,16,13,21,1
751,2010-12-20,13,22,13,26,6
752,2010-12-20,13,32,13,32,4
753,2010-12-20,14,44,14,44,2
754,2010-12-20,14,49,14,49,4
755,2010-12-20,14,51,14,52,2
756,2010-12-20,14,55,16,17,6
757,2010-12-20,16,46,16,47,4
758,2010-12-20,18,44,18,44,2
759,2010-12-20,18,52,0,5,6
760,2010-12-21,0,36,10,25,7
761,2010-12-21,10,36,10,59,5
762,2010-12-21,11,0,11,57,6
763,2010-12-21,12,1,12,5,9
764,2010-12-21,12,39,16,3,6
765,2010-12-21,16,3,16,51,5
766,2010-12-21,16,51,16,56,6
767,2010-12-21,16,56,17,0,5
768,2010-12-21,17,0,17,6,6
769,2010-12-21,17,6,17,7,5
770,2010-12-21,17,8,17,15,6
771,2010-12-21,17,15,17,17,5
772,2010-12-21,17,19,17,48,6
773,2010-12-21,17,48,17,52,5
774,2010-12-21,17,52,18,19,6
775,2010-12-21,18,19,18,32,5
776,2010-12-21,18,33,0,5,6
777,2010-12-22,0,11,0,54,7
778,2010-12-22,0,54,0,55,0
779,2010-12-22,0,55,6,7,7
780,2010-12-22,6,7,6,11,0
781,2010-12-22,6,11,8,43,7
782,2010-12-22,9,0,9,16,5
783,2010-12-22,9,17,10,22,6
784,2010-12-22,10,57,10,57,4
785,2010-12-22,13,55,13,55,2
786,2010-12-22,14,2,14,41,6
787,2010-12-22,14,45,14,45,4
788,2010-12-22,15,6,15,6,2
789,2010-12-22,15,31,15,39,6
790,2010-12-22,15,41,17,0,5
791,2010-12-22,17,0,0,3,6
792,2010-12-23,0,3,0,31,7
793,2010-12-23,0,31,0,34,0
794,2010-12-23,0,34,5,9,7
795,2010-12-23,5,10,5,12,0
796,2010-12-23,5,13,6,56,7
797,2010-12-23,7,2,7,15,5
798,2010-12-23,7,15,7,31,6
799,2010-12-23,8,49,8,49,4
800,2010-12-23,11,10,11,10,2
801,2010-12-23,11,16,12,10,5
802,2010-12-23,12,11,12,27,6
803,2010-12-23,14,31,14,31,4
804,2010-12-23,15,32,15,33,2
805,2010-12-23,15,36,15,48,5
806,2010-12-23,15,50,16,55,6
807,2010-12-23,17,12,17,21,5
808,2010-12-23,18,25,18,56,6
809,2010-12-23,18,57,19,6,5
810,2010-12-23,19,16,22,27,6
811,2010-12-23,22,38,3,22,7
812,2010-12-24,3,22,3,25,0
813,2010-12-24,3,25,6,38,7
814,2010-12-24,6,39,6,58,5
815,2010-12-24,6,59,7,14,6
816,2010-12-24,8,14,8,14,4
817,2010-12-24,11,59,11,59,2
818,2010-12-24,12,3,13,29,5
819,2010-12-24,13,29,13,50,6
820,2010-12-24,13,51,14,50,5
821,2010-12-24,14,52,15,4,6
822,2010-12-24,15,4,15,13,5
823,2010-12-24,15,42,16,5,9
824,2010-12-24,16,49,16,54,5
825,2010-12-24,17,13,17,13,4
826,2010-12-24,23,7,23,7,2
827,2010-12-24,23,25,23,31,6
828,2010-12-24,23,41,5,57,7
829,2010-12-25,6,4,6,18,5
830,2010-12-25,6,48,6,49,4
831,2010-12-25,9,37,9,38,2
832,2010-12-25,9,38,10,2,6
833,2010-12-25,10,14,11,20,5
834,2010-12-25,11,25,12,36,6
835,2010-12-25,14,15,14,45,9
836,2010-12-25,14,48,14,48,4
837,2010-12-25,14,48,14,48,2
838,2010-12-25,14,52,14,52,4
839,2010-12-25,15,43,15,44,2
840,2010-12-25,15,56,16,10,5
841,2010-12-25,16,12,17,32,6
842,2010-12-25,17,36,17,42,5
843,2010-12-25,17,46,23,13,6
844,2010-12-25,23,20,4,54,7
845,2010-12-26,4,54,5,0,0
846,2010-12-26,5,1,5,56,7
847,2010-12-26,6,3,6,11,5
848,2010-12-26,6,11,6,15,6
849,2010-12-26,6,15,6,18,5
850,2010-12-26,6,18,10,15,6
851,2010-12-26,10,28,10,37,5
852,2010-12-26,10,45,11,31,6
853,2010-12-26,11,53,12,16,9
854,2010-12-26,12,17,13,59,6
855,2010-12-26,14,27,14,27,4
856,2010-12-26,14,31,14,31,2
857,2010-12-26,14,53,14,54,4
858,2010-12-26,18,16,18,17,2
859,2010-12-26,18,41,21,53,6
860,2010-12-26,22,11,8,57,7
861,2010-12-27,9,11,9,20,5
862,2010-12-27,9,31,11,4,6
863,2010-12-27,11,16,11,29,5
864,2010-12-27,12,19,12,28,6
865,2010-12-27,13,1,13,1,4
866,2010-12-27,15,2,15,2,2
867,2010-12-27,15,51,15,51,4
868,2010-12-27,15,53,15,53,2
869,2010-12-27,17,25,18,52,5
870,2010-12-27,23,18,0,21,6
871,2010-12-28,0,28,0,32,6
872,2010-12-28,0,40,6,29,7
873,2010-12-28,8,39,8,56,5
874,2010-12-28,8,56,9,13,6
875,2010-12-28,9,13,9,20,5
876,2010-12-28,9,25,10,17,6
877,2010-12-28,10,18,10,42,5
878,2010-12-28,10,44,10,47,1
879,2010-12-28,11,1,11,3,9
880,2010-12-28,11,33,11,35,6
881,2010-12-28,11,58,12,56,5
882,2010-12-28,12,58,13,11,1
883,2010-12-28,13,50,15,46,6
884,2010-12-28,15,51,16,2,5
885,2010-12-28,16,14,19,13,6
886,2010-12-28,19,20,19,27,5
887,2010-12-28,19,28,23,52,6
888,2010-12-28,23,56,4,24,7
889,2010-12-29,4,24,4,26,0
890,2010-12-29,4,26,6,57,7
891,2010-12-29,7,11,7,24,5
892,2010-12-29,7,26,8,41,6
893,2010-12-29,9,41,9,57,5
894,2010-12-29,10,7,11,49,6
895,2010-12-29,12,22,12,49,5
896,2010-12-29,13,2,17,35,6
897,2010-12-29,18,4,18,13,5
898,2010-12-29,18,44,23,45,6
899,2010-12-31,0,46,7,1,7
900,2010-12-31,7,3,7,14,5
901,2010-12-31,7,15,7,25,6
902,2010-12-31,8,30,8,30,4
903,2010-12-31,13,52,13,52,2
904,2010-12-31,14,0,14,6,6
905,2010-12-31,14,6,14,13,5
906,2010-12-31,14,13,14,38,3
907,2010-12-31,14,42,18,53,6
908,2010-12-31,18,53,19,11,5
909,2010-12-31,19,11,19,14,6
910,2010-12-31,19,23,19,30,5
911,2010-12-31,19,33,20,20,6
912,2010-12-31,20,25,20,26,5
913,2010-12-31,20,26,21,4,1
914,2010-12-31,21,15,1,3,6
915,2011-01-01,1,13,6,15,7
916,2011-01-01,6,15,6,18,0
917,2011-01-01,6,18,10,38,7
918,2011-01-01,10,53,11,15,5
919,2011-01-01,11,15,11,51,6
920,2011-01-01,11,55,11,57,5
921,2011-01-01,11,59,12,5,1
922,2011-01-01,12,5,12,7,8
923,2011-01-01,12,36,14,37,6
924,2011-01-01,14,42,14,42,5
925,2011-01-01,14,56,15,14,1
926,2011-01-01,16,4,17,11,6
927,2011-01-01,17,15,17,24,3
928,2011-01-01,17,42,18,4,6
929,2011-01-01,18,13,18,20,1
930,2011-01-01,18,35,0,10,6
931,2011-01-03,0,2,0,20,6
932,2011-01-03,0,22,8,40,7
933,2011-01-03,8,50,9,3,5
934,2011-01-03,9,3,9,32,6
935,2011-01-03,10,57,10,59,5
936,2011-01-03,11,0,11,6,1
937,2011-01-03,11,6,11,13,8
938,2011-01-03,12,1,13,1,6
939,2011-01-03,14,12,14,12,4
940,2011-01-03,14,15,14,15,2
941,2011-01-03,14,16,14,16,4
942,2011-01-03,15,49,15,49,2
943,2011-01-03,15,52,16,15,5
944,2011-01-03,16,16,0,6,6
945,2011-01-05,0,8,5,54,7
946,2011-01-05,5,54,5,56,0
947,2011-01-05,5,57,8,3,7
948,2011-01-05,8,7,8,40,5
949,2011-01-05,8,41,9,40,6
950,2011-01-05,9,56,9,59,5
951,2011-01-05,9,59,10,6,1
952,2011-01-05,11,36,11,36,4
953,2011-01-05,14,9,14,9,2
954,2011-01-05,14,48,15,47,6
955,2011-01-05,15,56,15,56,4
956,2011-01-05,19,40,19,40,2
957,2011-01-05,19,42,22,23,6
958,2011-01-05,22,42,6,57,7
959,2011-01-06,6,59,7,18,5
960,2011-01-06,7,21,7,41,6
961,2011-01-06,8,44,8,44,4
962,2011-01-06,10,17,10,17,2
963,2011-01-06,10,22,10,23,5
964,2011-01-06,10,23,10,27,1
965,2011-01-06,10,33,10,33,4
966,2011-01-06,13,28,13,29,2
967,2011-01-06,13,30,13,35,5
968,2011-01-06,13,38,19,21,6
969,2011-01-06,19,21,19,32,5
970,2011-01-06,19,32,0,18,6
971,2011-01-07,0,26,7,15,7
972,2011-01-07,7,15,7,18,0
973,2011-01-07,7,18,8,14,7
974,2011-01-07,8,17,8,30,5
975,2011-01-07,8,31,10,10,6
976,2011-01-07,10,36,10,48,5
977,2011-01-07,10,48,10,53,1
978,2011-01-07,11,46,11,46,4
979,2011-01-07,15,48,15,48,2
980,2011-01-07,16,2,16,20,5
981,2011-01-07,16,21,16,30,6
982,2011-01-07,16,31,16,34,5
983,2011-01-07,16,34,18,50,6
984,2011-01-07,18,50,19,22,5
985,2011-01-07,19,23,19,28,6
986,2011-01-07,19,28,19,31,5
987,2011-01-07,19,39,0,23,6
988,2011-01-08,0,32,5,49,7
989,2011-01-08,5,50,5,53,0
990,2011-01-08,5,53,9,31,7
991,2011-01-08,9,34,9,57,5
992,2011-01-08,9,57,10,17,6
993,2011-01-08,10,17,10,23,5
994,2011-01-08,10,23,11,4,6
995,2011-01-08,13,10,13,20,5
996,2011-01-08,13,24,13,38,1
997,2011-01-08,13,38,15,33,6
998,2011-01-08,15,38,15,48,5
999,2011-01-08,15,52,16,11,6
1000,2011-01-08,16,30,16,35,3
1001,2011-01-08,16,36,23,24,6
1002,2011-01-08,23,29,5,30,7
1003,2011-01-10,0,9,4,5,7
1004,2011-01-10,4,5,4,8,0
1005,2011-01-10,4,9,6,56,7
1006,2011-01-10,7,5,8,41,5
1007,2011-01-10,8,56,8,56,4
1008,2011-01-10,10,20,10,20,2
1009,2011-01-10,11,32,11,32,4
1010,2011-01-10,13,38,13,38,2
1011,2011-01-10,14,25,14,26,4
1012,2011-01-10,19,16,19,16,2
1013,2011-01-10,19,18,20,2,5
1014,2011-01-10,20,3,0,3,6
1015,2011-01-11,0,19,6,6,7
1016,2011-01-11,6,6,6,10,0
1017,2011-01-11,6,10,8,56,7
1018,2011-01-11,8,56,9,4,6
1019,2011-01-11,9,6,9,21,5
1020,2011-01-11,9,21,9,52,6
1021,2011-01-11,10,2,10,10,5
1022,2011-01-11,10,11,10,22,1
1023,2011-01-11,11,33,11,33,4
1024,2011-01-11,14,7,14,7,2
1025,2011-01-11,14,15,14,23,6
1026,2011-01-11,14,27,14,39,5
1027,2011-01-11,14,40,14,44,1
1028,2011-01-11,14,49,14,49,4
1029,2011-01-11,15,8,15,8,2
1030,2011-01-11,15,23,16,23,6
1031,2011-01-11,16,57,16,57,4
1032,2011-01-11,17,27,17,28,2
1033,2011-01-11,17,34,17,57,5
1034,2011-01-11,17,57,19,26,6
1035,2011-01-11,19,26,19,31,8
1036,2011-01-11,19,32,23,52,6
1037,2011-01-12,0,7,8,19,7
1038,2011-01-12,8,28,8,39,5
1039,2011-01-12,8,39,10,0,6
1040,2011-01-12,10,12,10,20,5
1041,2011-01-12,10,20,10,25,1
1042,2011-01-12,11,29,11,29,4
1043,2011-01-12,14,6,14,6,2
1044,2011-01-12,14,7,14,17,6
1045,2011-01-12,14,28,14,38,5
1046,2011-01-12,14,44,15,13,6
1047,2011-01-12,15,13,15,21,8
1048,2011-01-12,15,23,16,9,9
1049,2011-01-12,16,57,17,7,6
1050,2011-01-12,17,11,17,12,4
1051,2011-01-12,20,38,20,38,2
1052,2011-01-12,20,39,23,0,6
1053,2011-01-12,23,23,7,3,7
1054,2011-01-13,7,9,7,17,5
1055,2011-01-13,7,17,7,35,6
1056,2011-01-13,8,39,8,39,4
1057,2011-01-13,10,28,10,28,2
1058,2011-01-13,10,34,10,40,5
1059,2011-01-13,10,43,11,6,1
1060,2011-01-13,11,31,11,32,4
1061,2011-01-13,13,39,13,39,2
1062,2011-01-13,13,47,13,57,5
1063,2011-01-13,14,2,18,6,6
1064,2011-01-13,18,7,18,25,5
1065,2011-01-13,18,25,18,57,6
1066,2011-01-13,18,57,19,1,5
1067,2011-01-13,19,1,22,26,6
1068,2011-01-13,22,48,5,37,7
1069,2011-01-14,5,37,5,40,0
1070,2011-01-14,5,40,8,19,7
1071,2011-01-14,8,22,8,36,5
1072,2011-01-14,8,41,9,22,6
1073,2011-01-14,9,35,9,40,5
1074,2011-01-14,9,42,10,25,6
1075,2011-01-14,10,27,10,37,5
1076,2011-01-14,10,37,10,42,1
1077,2011-01-14,11,10,11,12,8
1078,2011-01-14,11,19,11,22,6
1079,2011-01-14,11,36,11,36,4
1080,2011-01-14,13,41,13,41,2
1081,2011-01-14,14,8,14,19,5
1082,2011-01-14,14,19,16,52,6
1083,2011-01-14,16,55,16,55,4
1084,2011-01-14,17,45,17,45,2
1085,2011-01-14,17,47,18,5,5
1086,2011-01-14,18,5,18,22,1
1087,2011-01-14,18,22,18,37,6
1088,2011-01-14,18,41,18,47,8
1089,2011-01-14,18,47,0,3,6
1090,2011-01-15,0,6,5,44,7
1091,2011-01-15,5,45,5,48,0
1092,2011-01-15,5,48,8,54,7
1093,2011-01-15,8,56,9,9,5
1094,2011-01-15,9,28,9,30,4
1095,2011-01-15,11,8,11,8,2
1096,2011-01-15,11,19,11,54,9
1097,2011-01-15,11,58,11,58,4
1098,2011-01-15,13,9,13,9,2
1099,2011-01-15,13,25,13,49,5
1100,2011-01-15,13,49,16,26,6
1101,2011-01-15,16,29,19,16,5
1102,2011-01-15,19,38,19,48,6
1103,2011-01-15,19,48,20,17,5
1104,2011-01-15,20,41,22,1,6
1105,2011-01-15,22,11,22,14,8
1106,2011-01-15,22,15,23,51,6
1107,2011-01-16,0,1,8,34,7
1108,2011-01-16,8,44,8,58,5
1109,2011-01-16,9,2,9,28,6
1110,2011-01-16,9,41,9,41,4
1111,2011-01-16,9,53,9,53,2
1112,2011-01-16,10,13,10,20,6
1113,2011-01-16,10,29,10,46,5
1114,2011-01-16,10,46,10,57,6
1115,2011-01-16,11,14,11,24,5
1116,2011-01-16,11,24,13,10,6
1117,2011-01-16,13,10,13,15,5
1118,2011-01-16,13,15,13,19,6
1119,2011-01-16,14,34,19,44,5
1120,2011-01-16,19,44,19,57,6
1121,2011-01-16,19,57,20,6,5
1122,2011-01-16,20,6,0,17,6
1123,2011-01-18,0,40,6,5,7
1124,2011-01-18,6,5,6,9,0
1125,2011-01-18,6,11,8,39,7
1126,2011-01-18,8,44,8,58,5
1127,2011-01-18,8,58,9,57,6
1128,2011-01-18,9,58,10,6,5
1129,2011-01-18,10,8,10,15,1
1130,2011-01-18,11,8,11,13,5
1131,2011-01-18,11,30,11,30,4
1132,2011-01-18,14,32,14,32,2
1133,2011-01-18,14,41,14,41,4
1134,2011-01-18,15,8,15,8,2
1135,2011-01-18,15,13,15,46,5
1136,2011-01-18,15,48,16,5,6
1137,2011-01-18,16,38,16,46,5
1138,2011-01-18,16,46,16,52,6
1139,2011-01-18,16,52,16,59,5
1140,2011-01-18,17,1,17,12,6
1141,2011-01-18,17,12,17,19,5
1142,2011-01-18,17,19,17,33,6
1143,2011-01-18,17,33,18,41,5
1144,2011-01-18,18,41,18,47,1
1145,2011-01-18,19,36,23,45,6
1146,2011-01-19,0,3,4,25,7
1147,2011-01-19,4,25,4,27,0
1148,2011-01-19,4,27,8,46,7
1149,2011-01-19,8,47,9,5,5
1150,2011-01-19,9,5,9,58,6
1151,2011-01-19,10,9,10,19,5
1152,2011-01-19,10,19,10,27,1
1153,2011-01-19,11,12,11,32,6
1154,2011-01-19,11,42,11,42,4
1155,2011-01-19,14,35,14,35,2
1156,2011-01-19,14,42,14,54,5
1157,2011-01-19,14,55,17,47,6
1158,2011-01-19,18,0,18,0,4
1159,2011-01-19,19,56,19,56,2
1160,2011-01-19,19,57,20,8,5
1161,2011-01-19,20,9,20,21,6
1162,2011-01-19,20,21,20,24,5
1163,2011-01-19,20,24,23,36,6
1164,2011-01-20,1,16,1,26,6
1165,2011-01-20,1,30,7,1,7
1166,2011-01-20,7,5,7,15,5
1167,2011-01-20,7,15,8,30,6
1168,2011-01-20,8,34,8,36,1
1169,2011-01-20,8,38,8,38,4
1170,2011-01-20,10,20,10,20,2
1171,2011-01-20,10,29,10,48,5
1172,2011-01-20,10,48,10,54,1
1173,2011-01-20,10,54,11,3,8
1174,2011-01-20,11,5,11,8,9
1175,2011-01-20,11,29,11,29,4
1176,2011-01-20,13,30,13,31,2
1177,2011-01-20,13,31,13,46,5
1178,2011-01-20,13,46,17,45,6
1179,2011-01-20,17,48,18,1,5
1180,2011-01-20,18,1,18,20,6
1181,2011-01-20,18,20,18,23,5
1182,2011-01-20,18,24,20,14,6
1183,2011-01-20,20,16,20,20,5
1184,2011-01-20,20,20,20,51,6
1185,2011-01-20,20,52,20,54,8
1186,2011-01-20,20,54,23,53,6
1187,2011-01-21,0,4,6,56,7
1188,2011-01-21,7,2,7,15,5
1189,2011-01-21,7,15,7,42,6
1190,2011-01-21,8,36,8,39,5
1191,2011-01-21,9,7,9,7,4
1192,2011-01-21,10,15,10,15,2
1193,2011-01-21,10,26,10,29,5
1194,2011-01-21,10,55,10,55,4
1195,2011-01-21,14,14,14,14,2
1196,2011-01-21,14,16,14,32,5
1197,2011-01-21,14,45,16,37,9
1198,2011-01-21,16,54,17,8,5
1199,2011-01-21,17,8,0,22,6
1200,2011-01-22,1,30,5,56,7
1201,2011-01-22,5,56,5,59,0
1202,2011-01-22,5,59,7,47,7
1203,2011-01-22,7,48,8,4,5
1204,2011-01-22,8,8,8,59,6
1205,2011-01-22,9,30,9,36,5
1206,2011-01-22,9,36,9,40,1
1207,2011-01-22,10,21,10,21,4
1208,2011-01-22,13,19,13,19,2
1209,2011-01-22,13,37,14,36,6
1210,2011-01-22,14,36,14,39,5
1211,2011-01-22,14,47,15,36,6
1212,2011-01-22,16,3,16,7,5
1213,2011-01-22,16,8,16,30,6
1214,2011-01-22,16,31,16,35,5
1215,2011-01-22,16,35,16,57,6
1216,2011-01-22,17,5,17,8,5
1217,2011-01-22,17,8,17,20,6
1218,2011-01-22,17,21,17,23,5
1219,2011-01-22,17,23,22,2,6
1220,2011-01-22,22,5,5,4,7
1221,2011-01-23,5,9,5,37,5
1222,2011-01-23,5,37,5,54,6
1223,2011-01-23,5,54,5,55,5
1224,2011-01-23,5,55,6,32,6
1225,2011-01-23,6,37,7,15,3
1226,2011-01-23,8,13,8,15,6
1227,2011-01-23,8,39,8,39,4
1228,2011-01-23,12,20,12,21,2
1229,2011-01-23,12,31,12,50,6
1230,2011-01-23,12,50,13,1,5
1231,2011-01-23,13,2,20,11,6
1232,2011-01-23,20,12,20,24,5
1233,2011-01-23,20,25,20,33,6
1234,2011-01-23,20,43,20,46,8
1235,2011-01-23,20,46,23,0,6
1236,2011-01-23,23,4,23,44,9
1237,2011-01-23,23,56,7,55,7
1238,2011-01-24,8,6,8,19,5
1239,2011-01-24,8,19,8,29,6
1240,2011-01-24,8,29,8,31,5
1241,2011-01-24,8,31,10,14,6
1242,2011-01-24,10,15,10,18,8
1243,2011-01-24,10,22,10,24,5
1244,2011-01-24,10,24,10,28,1
1245,2011-01-24,11,43,11,43,4
1246,2011-01-24,13,48,13,48,2
1247,2011-01-24,13,53,13,56,5
1248,2011-01-24,13,56,14,15,6
1249,2011-01-24,14,49,15,18,9
1250,2011-01-24,15,18,15,18,4
1251,2011-01-24,15,22,15,22,2
1252,2011-01-24,15,26,16,15,6
1253,2011-01-24,16,25,16,27,5
1254,2011-01-24,16,27,16,41,6
1255,2011-01-24,16,41,16,41,5
1256,2011-01-24,16,41,16,48,1
1257,2011-01-24,16,48,16,51,8
1258,2011-01-24,16,53,17,53,6
1259,2011-01-24,17,53,18,2,5
1260,2011-01-24,18,3,18,15,6
1261,2011-01-24,18,16,18,17,8
1262,2011-01-24,18,33,18,40,5
1263,2011-01-24,18,40,2,16,6
1264,2011-01-25,2,31,7,50,7
1265,2011-01-25,8,2,8,16,5
1266,2011-01-25,8,16,8,53,6
1267,2011-01-25,8,57,11,20,5
1268,2011-01-25,11,29,12,18,6
1269,2011-01-25,12,19,12,42,5
1270,2011-01-25,12,42,14,3,6
1271,2011-01-25,14,3,14,18,5
1272,2011-01-25,14,18,14,21,1
1273,2011-01-25,14,33,16,52,6
1274,2011-01-25,16,52,17,15,5
1275,2011-01-25,17,16,17,28,6
1276,2011-01-25,17,28,18,12,5
1277,2011-01-25,18,12,18,39,1
1278,2011-01-25,18,46,19,6,6
1279,2011-01-25,19,6,19,43,5
1280,2011-01-25,19,43,19,45,1
1281,2011-01-25,19,47,1,2,6
1282,2011-01-26,1,9,1,37,6
1283,2011-01-26,8,32,8,37,5
1284,2011-01-26,8,38,8,43,1
1285,2011-01-26,8,44,9,32,6
1286,2011-01-26,10,3,10,21,5
1287,2011-01-26,10,22,10,28,1
1288,2011-01-26,10,28,10,38,6
1289,2011-01-26,11,22,11,38,5
1290,2011-01-26,11,40,11,40,4
1291,2011-01-26,15,2,15,2,2
1292,2011-01-26,15,22,16,34,6
1293,2011-01-26,17,8,18,48,9
1294,2011-01-26,18,49,19,2,5
1295,2011-01-26,19,3,0,53,6
1296,2011-01-27,1,10,6,12,7
1297,2011-01-27,6,15,6,30,5
1298,2011-01-27,6,30,7,26,6
1299,2011-01-27,8,51,8,51,4
1300,2011-01-27,11,21,11,21,2
1301,2011-01-27,11,23,11,32,5
1302,2011-01-27,11,42,11,42,4
1303,2011-01-27,14,9,14,9,2
1304,2011-01-27,14,11,14,15,5
1305,2011-01-27,14,16,16,24,6
1306,2011-01-27,16,52,16,52,4
1307,2011-01-27,17,48,17,48,2
1308,2011-01-27,17,55,18,51,6
1309,2011-01-27,18,53,19,11,5
1310,2011-01-27,19,11,22,18,6
1311,2011-01-27,22,39,7,20,7
1312,2011-01-30,0,1,6,2,7
1313,2011-01-30,6,7,6,24,5
1314,2011-01-30,6,26,7,2,6
1315,2011-01-30,8,18,8,21,5
1316,2011-01-30,8,22,8,22,4
1317,2011-01-30,11,49,11,50,2
1318,2011-01-30,12,6,15,23,6
1319,2011-01-30,15,23,15,27,5
1320,2011-01-30,15,27,17,34,6
1321,2011-01-30,17,34,17,40,5
1322,2011-01-30,17,41,19,1,6
1323,2011-01-30,19,1,19,6,5
1324,2011-01-30,19,7,19,22,6
1325,2011-01-30,19,22,19,24,5
1326,2011-01-30,19,24,20,4,6
1327,2011-01-30,20,11,20,15,5
1328,2011-01-30,20,16,22,49,6
1329,2011-01-30,23,3,3,42,7
1330,2011-02-01,0,13,0,32,1
1331,2011-02-01,0,46,5,31,7
1332,2011-02-01,5,31,5,34,0
1333,2011-02-01,5,34,6,5,7
1334,2011-02-01,6,8,6,23,5
1335,2011-02-01,6,27,6,36,6
1336,2011-02-01,6,36,6,39,5
1337,2011-02-01,6,39,6,49,6
1338,2011-02-01,8,47,8,47,4
1339,2011-02-01,10,41,10,41,2
1340,2011-02-01,11,3,11,14,9
1341,2011-02-01,11,31,11,31,4
1342,2011-02-01,13,30,13,30,2
1343,2011-02-01,13,31,13,49,5
1344,2011-02-01,13,49,14,49,6
1345,2011-02-01,14,53,14,53,4
1346,2011-02-01,15,21,15,21,2
1347,2011-02-01,15,52,16,2,5
1348,2011-02-01,17,4,17,11,6
1349,2011-02-01,17,29,17,31,5
1350,2011-02-01,17,31,17,43,6
1351,2011-02-01,17,48,17,50,4
1352,2011-02-01,19,28,19,28,2
1353,2011-02-01,19,41,21,49,6
1354,2011-02-01,21,55,3,27,7
1355,2011-02-02,3,28,3,32,0
1356,2011-02-02,3,32,7,31,7
1357,2011-02-02,7,43,7,50,5
1358,2011-02-02,7,50,7,54,1
1359,2011-02-02,7,57,8,0,5
1360,2011-02-02,8,0,9,26,6
1361,2011-02-02,9,41,9,45,5
1362,2011-02-02,10,1,10,5,9
1363,2011-02-02,10,37,10,37,4
1364,2011-02-02,14,31,14,31,2
1365,2011-02-02,14,50,15,12,6
1366,2011-02-02,15,16,15,58,1
1367,2011-02-02,16,14,16,23,6
1368,2011-02-02,16,31,16,32,9
1369,2011-02-02,16,45,17,32,6
1370,2011-02-02,17,33,17,33,5
1371,2011-02-02,17,33,18,2,6
1372,2011-02-02,18,2,18,4,5
1373,2011-02-02,18,4,18,10,1
1374,2011-02-02,18,12,19,42,6
1375,2011-02-02,19,42,19,45,8
1376,2011-02-02,19,47,20,51,6
1377,2011-02-02,20,51,20,53,8
1378,2011-02-02,20,54,23,54,6
1379,2011-02-03,0,20,6,37,7
1380,2011-02-03,6,45,7,6,5
1381,2011-02-03,7,6,7,27,6
1382,2011-02-03,8,46,8,46,4
1383,2011-02-03,12,33,12,33,2
1384,2011-02-03,12,44,12,47,9
1385,2011-02-03,12,52,12,52,4
1386,2011-02-03,15,5,15,5,2
1387,2011-02-03,15,12,15,40,5
1388,2011-02-03,16,1,16,37,6
1389,2011-02-03,16,53,16,55,5
1390,2011-02-03,16,55,17,1,1
1391,2011-02-03,17,7,17,44,6
1392,2011-02-03,17,57,18,5,9
1393,2011-02-03,18,9,18,33,5
1394,2011-02-03,18,34,19,42,6
1395,2011-02-03,19,42,19,45,8
1396,2011-02-03,19,50,21,47,6
1397,2011-02-03,22,9,22,27,9
1398,2011-02-03,22,29,0,29,6
1399,2011-02-04,0,33,4,9,7
1400,2011-02-04,4,9,4,12,0
1401,2011-02-04,4,14,6,50,7
1402,2011-02-04,6,54,7,41,5
1403,2011-02-04,7,43,9,0,6
1404,2011-02-04,9,22,9,31,5
1405,2011-02-04,9,42,9,42,4
1406,2011-02-04,12,2,12,2,2
1407,2011-02-04,12,13,12,24,6
1408,2011-02-04,12,24,12,31,5
1409,2011-02-04,12,32,12,40,1
1410,2011-02-04,12,51,12,56,8
1411,2011-02-04,12,57,13,59,6
1412,2011-02-04,14,11,14,11,4
1413,2011-02-04,15,40,15,40,2
1414,2011-02-04,16,19,16,30,5
1415,2011-02-04,16,31,16,46,6
1416,2011-02-04,16,46,16,50,3
1417,2011-02-04,16,51,17,9,6
1418,2011-02-04,17,47,17,47,4
1419,2011-02-04,17,54,17,54,2
1420,2011-02-04,18,1,18,1,4
1421,2011-02-04,19,32,19,32,2
1422,2011-02-04,19,37,19,42,5
1423,2011-02-04,19,45,22,16,6
1424,2011-02-04,22,32,6,1,7
1425,2011-02-05,6,10,6,27,5
1426,2011-02-05,6,28,7,42,6
1427,2011-02-05,8,3,8,16,5
1428,2011-02-05,9,10,9,10,4
1429,2011-02-05,13,19,13,19,2
1430,2011-02-05,14,5,16,54,6
1431,2011-02-05,17,13,17,39,5
1432,2011-02-05,17,41,18,20,6
1433,2011-02-05,18,21,18,27,5
1434,2011-02-05,18,27,1,59,6
1435,2011-02-06,2,7,6,2,7
1436,2011-02-06,6,8,6,25,5
1437,2011-02-06,6,26,7,1,6
1438,2011-02-06,7,2,7,6,5
1439,2011-02-06,8,18,8,18,4
1440,2011-02-06,10,59,10,59,2
1441,2011-02-06,11,2,16,47,6
1442,2011-02-06,16,53,17,1,5
1443,2011-02-06,17,2,19,58,6
1444,2011-02-06,19,58,20,2,5
1445,2011-02-06,20,8,23,16,6
1446,2011-02-06,23,42,5,35,7
1447,2011-02-07,5,35,5,38,0
1448,2011-02-07,5,38,7,41,7
1449,2011-02-07,7,43,7,58,5
1450,2011-02-07,7,59,8,54,6
1451,2011-02-07,9,43,9,47,5
1452,2011-02-07,9,49,9,59,1
1453,2011-02-07,10,2,10,4,9
1454,2011-02-07,11,46,11,46,4
1455,2011-02-07,14,5,14,6,2
1456,2011-02-07,14,6,14,11,1
1457,2011-02-07,14,12,14,31,6
1458,2011-02-07,14,34,15,18,5
1459,2011-02-07,15,19,17,27,6
1460,2011-02-07,17,47,17,49,9
1461,2011-02-07,17,56,18,19,6
1462,2011-02-07,18,23,18,32,5
1463,2011-02-07,18,32,18,37,6
1464,2011-02-07,18,37,18,54,5
1465,2011-02-07,18,54,19,41,6
1466,2011-02-07,19,41,19,44,5
1467,2011-02-07,19,44,0,56,6
1468,2011-02-08,0,59,5,46,7
1469,2011-02-08,5,46,5,53,0
1470,2011-02-08,5,53,6,55,7
1471,2011-02-08,6,57,7,15,5
1472,2011-02-08,7,15,9,20,6
1473,2011-02-08,9,42,10,7,5
1474,2011-02-08,10,7,10,42,6
1475,2011-02-08,10,53,11,12,9
1476,2011-02-08,11,40,11,55,5
1477,2011-02-08,12,14,12,15,4
1478,2011-02-08,13,1,13,1,2
1479,2011-02-08,13,9,13,33,5
1480,2011-02-08,13,33,14,35,6
1481,2011-02-08,15,11,15,22,5
1482,2011-02-08,15,31,18,46,6
1483,2011-02-08,18,47,18,59,5
1484,2011-02-08,18,59,23,54,6
1485,2011-02-09,0,9,4,28,7
1486,2011-02-09,4,28,4,30,0
1487,2011-02-09,4,30,7,10,7
1488,2011-02-09,7,14,7,30,5
1489,2011-02-09,7,30,9,6,6
1490,2011-02-09,9,12,9,23,5
1491,2011-02-09,9,24,9,29,1
1492,2011-02-09,9,30,10,34,6
1493,2011-02-09,11,14,11,19,8
1494,2011-02-09,11,40,11,40,4
1495,2011-02-09,14,40,14,40,2
1496,2011-02-09,14,49,14,49,4
1497,2011-02-09,15,26,15,26,2
1498,2011-02-09,15,45,15,49,9
1499,2011-02-09,16,8,17,9,5
1500,2011-02-09,17,20,17,32,6
1501,2011-02-09,17,41,18,9,5
1502,2011-02-09,18,9,18,30,6
1503,2011-02-09,18,31,18,35,9
1504,2011-02-09,18,40,18,43,5
1505,2011-02-09,18,43,23,47,6
1506,2011-02-09,23,48,6,1,7
1507,2011-02-11,0,28,5,46,7
1508,2011-02-11,5,55,6,9,5
1509,2011-02-11,6,9,6,38,6
1510,2011-02-11,7,30,7,41,1
1511,2011-02-11,7,51,7,58,5
1512,2011-02-11,8,0,8,5,6
1513,2011-02-11,8,7,8,7,4
1514,2011-02-11,8,24,8,24,2
1515,2011-02-11,8,30,8,39,6
1516,2011-02-11,9,12,9,12,4
1517,2011-02-11,9,49,9,49,2
1518,2011-02-11,9,49,10,2,5
1519,2011-02-11,10,2,10,56,6
1520,2011-02-11,11,42,11,42,4
1521,2011-02-11,14,1,14,1,2
1522,2011-02-11,14,24,16,23,6
1523,2011-02-11,16,29,16,29,4
1524,2011-02-11,17,5,17,5,2
1525,2011-02-11,17,7,17,7,4
1526,2011-02-11,18,40,18,40,2
1527,2011-02-11,18,43,19,3,6
1528,2011-02-11,19,10,19,16,5
1529,2011-02-11,19,16,0,2,6
1530,2011-02-12,0,7,4,33,7
1531,2011-02-12,4,33,4,37,0
1532,2011-02-12,4,37,8,37,7
1533,2011-02-12,8,50,9,8,5
1534,2011-02-12,9,8,9,23,6
1535,2011-02-12,9,24,9,32,5
1536,2011-02-12,9,32,9,41,6
1537,2011-02-12,10,58,10,58,4
1538,2011-02-12,13,50,13,50,2
1539,2011-02-12,14,7,14,26,5
1540,2011-02-12,15,6,18,45,6
1541,2011-02-12,18,45,18,55,5
1542,2011-02-12,18,55,20,41,6
1543,2011-02-12,20,55,7,42,7
1544,2011-02-14,0,16,4,47,7
1545,2011-02-14,4,47,4,50,0
1546,2011-02-14,4,50,7,34,7
1547,2011-02-14,7,42,8,0,5
1548,2011-02-14,8,1,8,53,6
1549,2011-02-14,9,2,9,21,5
1550,2011-02-14,9,23,10,0,1
1551,2011-02-14,11,44,11,44,4
1552,2011-02-14,13,40,13,40,2
1553,2011-02-14,13,55,14,8,5
1554,2011-02-14,14,9,14,43,6
1555,2011-02-14,16,10,16,20,5
1556,2011-02-14,17,27,17,33,6
1557,2011-02-14,17,34,17,48,5
1558,2011-02-14,17,48,23,18,6
1559,2011-02-15,0,16,5,5,7
1560,2011-02-15,5,5,5,7,0
1561,2011-02-15,5,7,8,13,7
1562,2011-02-15,8,16,8,29,5
1563,2011-02-15,8,29,9,44,6
1564,2011-02-15,10,3,10,10,5
1565,2011-02-15,10,11,10,15,1
1566,2011-02-15,10,15,10,20,8
1567,2011-02-15,10,54,11,43,6
1568,2011-02-15,13,33,13,40,5
1569,2011-02-15,13,41,13,51,6
1570,2011-02-15,14,39,14,39,4
1571,2011-02-15,15,12,15,12,2
1572,2011-02-15,16,15,17,6,6
1573,2011-02-15,17,39,17,39,4
1574,2011-02-15,20,4,20,4,2
1575,2011-02-15,20,13,0,3,6
1576,2011-02-17,0,8,6,57,7
1577,2011-02-17,7,4,7,16,5
1578,2011-02-17,7,16,8,21,6
1579,2011-02-17,8,44,8,44,4
1580,2011-02-17,10,21,10,21,2
1581,2011-02-17,10,26,10,39,5
1582,2011-02-17,10,39,10,42,1
1583,2011-02-17,11,10,11,27,6
1584,2011-02-17,11,40,11,40,4
1585,2011-02-17,14,37,14,37,2
1586,2011-02-17,14,44,14,52,5
1587,2011-02-17,14,52,15,20,6
1588,2011-02-17,15,48,15,48,4
1589,2011-02-17,18,26,18,26,2
1590,2011-02-17,18,38,18,47,5
1591,2011-02-17,18,54,22,57,6
1592,2011-02-17,23,0,4,53,7
1593,2011-02-18,4,53,4,56,0
1594,2011-02-18,4,56,7,15,7
1595,2011-02-18,7,22,7,35,5
1596,2011-02-18,7,35,8,59,6
1597,2011-02-18,9,5,9,22,5
1598,2011-02-18,9,22,9,31,1
1599,2011-02-18,9,31,9,36,8
1600,2011-02-18,10,12,10,58,6
1601,2011-02-18,11,17,11,27,3
1602,2011-02-18,11,46,11,46,4
1603,2011-02-18,14,21,14,21,2
1604,2011-02-18,14,25,14,38,5
1605,2011-02-18,14,40,14,51,1
1606,2011-02-18,14,51,15,18,6
1607,2011-02-18,15,47,15,47,4
1608,2011-02-18,16,41,16,41,2
1609,2011-02-18,17,6,18,23,5
1610,2011-02-18,18,23,18,29,1
1611,2011-02-18,18,34,18,41,5
1612,2011-02-18,18,44,19,29,1
1613,2011-02-18,19,29,19,51,5
1614,2011-02-18,19,51,20,48,1
1615,2011-02-18,20,49,20,53,8
1616,2011-02-18,21,7,0,0,6
1617,2011-02-21,0,21,6,55,7
1618,2011-02-21,7,10,7,13,5
1619,2011-02-21,7,16,10,17,6
1620,2011-02-21,10,18,10,26,5
1621,2011-02-21,10,31,11,39,6
1622,2011-02-21,11,44,12,0,5
1623,2011-02-21,12,6,15,4,6
1624,2011-02-21,15,47,15,57,5
1625,2011-02-21,15,57,19,4,6
1626,2011-02-21,19,4,19,8,5
1627,2011-02-21,19,8,2,22,6
1628,2011-02-23,1,10,7,17,7
1629,2011-02-23,7,25,7,39,5
1630,2011-02-23,7,40,9,7,6
1631,2011-02-23,9,12,9,25,5
1632,2011-02-23,9,28,9,34,1
1633,2011-02-23,9,49,9,56,5
1634,2011-02-23,9,56,11,31,6
1635,2011-02-23,12,9,12,17,5
1636,2011-02-23,12,17,17,27,6
1637,2011-02-23,17,39,17,49,5
1638,2011-02-23,17,49,23,53,6
1639,2011-02-23,23,58,4,46,7
1640,2011-02-24,4,46,4,49,0
1641,2011-02-24,4,49,5,36,7
1642,2011-02-24,5,40,5,46,5
1643,2011-02-24,5,56,6,49,6
1644,2011-02-24,8,31,8,31,4
1645,2011-02-24,11,35,11,35,2
1646,2011-02-24,11,39,11,55,5
1647,2011-02-24,11,55,14,39,6
1648,2011-02-24,14,46,14,46,4
1649,2011-02-24,15,6,15,6,2
1650,2011-02-24,15,10,15,36,6
1651,2011-02-24,15,44,15,45,4
1652,2011-02-24,18,41,18,41,2
1653,2011-02-24,18,48,19,14,5
1654,2011-02-24,19,14,0,36,6
1655,2011-02-25,0,42,8,36,7
1656,2011-02-25,8,46,9,1,5
1657,2011-02-25,9,3,11,12,6
1658,2011-02-25,11,55,12,12,5
1659,2011-02-25,12,14,12,27,1
1660,2011-02-25,12,33,14,19,6
1661,2011-02-25,14,28,16,25,9
1662,2011-02-25,16,26,16,29,5
1663,2011-02-25,16,33,17,28,9
1664,2011-02-25,17,34,18,13,5
1665,2011-02-25,18,15,3,18,6
1666,2011-02-28,0,4,5,14,7
1667,2011-02-28,5,15,5,17,0
1668,2011-02-28,5,17,7,54,7
1669,2011-02-28,8,1,8,14,5
1670,2011-02-28,8,14,10,1,6
1671,2011-02-28,10,1,10,9,5
1672,2011-02-28,10,12,10,22,1
1673,2011-02-28,11,37,11,37,4
1674,2011-02-28,14,13,14,13,2
1675,2011-02-28,14,26,14,30,5
1676,2011-02-28,14,36,16,8,6
1677,2011-02-28,16,8,16,18,5
1678,2011-02-28,16,18,17,35,6
1679,2011-02-28,17,37,17,55,5
1680,2011-02-28,17,55,23,26,6
1681,2011-02-28,23,38,6,11,7
1682,2011-03-01,6,11,6,13,0
1683,2011-03-01,6,13,6,34,7
1684,2011-03-01,6,37,6,51,5
1685,2011-03-01,6,54,8,59,6
1686,2011-03-01,9,11,9,34,5
1687,2011-03-01,9,49,10,41,6
1688,2011-03-01,10,45,10,45,4
1689,2011-03-01,12,3,12,3,2
1690,2011-03-01,12,4,12,21,5
1691,2011-03-01,12,30,13,9,6
1692,2011-03-01,13,9,14,31,5
1693,2011-03-01,14,42,14,42,4
1694,2011-03-01,15,15,15,15,2
1695,2011-03-01,15,29,15,34,5
1696,2011-03-01,15,46,16,17,9
1697,2011-03-01,16,17,17,37,5
1698,2011-03-01,17,38,22,35,6
1699,2011-03-01,22,48,4,33,7
1700,2011-03-02,4,33,4,36,0
1701,2011-03-02,4,36,7,53,7
1702,2011-03-02,8,0,8,14,5
1703,2011-03-02,8,15,8,38,6
1704,2011-03-02,9,12,9,42,5
1705,2011-03-02,9,42,9,45,1
1706,2011-03-02,9,46,11,38,6
1707,2011-03-02,12,24,12,24,4
1708,2011-03-02,13,45,13,45,2
1709,2011-03-02,13,48,13,55,5
1710,2011-03-02,13,57,14,6,6
1711,2011-03-02,15,10,15,16,5
1712,2011-03-02,15,16,16,29,6
1713,2011-03-02,16,31,17,0,5
1714,2011-03-02,17,1,17,26,6
1715,2011-03-02,17,26,17,32,5
1716,2011-03-02,17,33,18,25,6
1717,2011-03-02,18,37,18,44,5
1718,2011-03-02,18,47,19,29,6
1719,2011-03-02,19,38,19,50,5
1720,2011-03-02,19,50,21,34,6
1721,2011-03-02,22,34,3,59,7
1722,2011-03-04,4,36,4,38,0
1723,2011-03-04,4,38,7,52,7
1724,2011-03-04,7,58,8,12,5
1725,2011-03-04,8,13,8,59,6
1726,2011-03-04,9,42,9,44,5
1727,2011-03-04,10,18,10,18,4
1728,2011-03-04,12,7,12,7,2
1729,2011-03-04,12,55,13,5,5
1730,2011-03-04,13,7,13,33,6
1731,2011-03-04,13,35,14,30,9
1732,2011-03-04,14,32,14,41,6
1733,2011-03-04,14,48,14,48,4
1734,2011-03-04,15,9,15,10,2
1735,2011-03-04,15,27,15,42,9
1736,2011-03-04,15,43,17,4,6
1737,2011-03-04,17,16,17,41,9
1738,2011-03-04,17,42,18,25,5
1739,2011-03-04,18,26,22,8,6
1740,2011-03-04,23,9,5,0,7
1741,2011-03-05,5,6,5,19,5
1742,2011-03-05,5,21,5,42,6
1743,2011-03-05,6,21,6,25,5
1744,2011-03-05,7,29,7,29,4
1745,2011-03-05,13,44,13,44,2
1746,2011-03-05,13,58,13,59,4
1747,2011-03-05,15,48,15,48,2
1748,2011-03-05,15,56,16,9,5
1749,2011-03-05,16,14,16,42,6
1750,2011-03-05,16,42,16,59,5
1751,2011-03-05,16,59,0,3,6
1752,2011-03-06,0,19,6,41,7
1753,2011-03-06,6,42,6,47,0
1754,2011-03-06,6,47,7,5,7
1755,2011-03-06,7,5,7,19,5
1756,2011-03-06,7,23,7,38,6
1757,2011-03-06,8,19,8,19,4
1758,2011-03-06,9,12,9,12,2
1759,2011-03-06,9,44,10,8,5
1760,2011-03-06,10,9,10,20,6
1761,2011-03-06,10,20,10,24,5
1762,2011-03-06,10,24,11,12,6
1763,2011-03-06,11,27,11,32,5
1764,2011-03-06,11,48,17,23,6
1765,2011-03-06,17,32,18,5,5
1766,2011-03-06,18,6,0,4,6
1767,2011-03-07,0,19,5,13,7
1768,2011-03-07,5,13,5,16,0
1769,2011-03-07,5,16,7,29,7
1770,2011-03-07,7,38,7,53,5
1771,2011-03-07,7,53,8,40,6
1772,2011-03-07,8,52,9,58,1
1773,2011-03-07,9,58,10,5,8
1774,2011-03-07,10,31,10,37,6
1775,2011-03-07,11,28,11,28,4
1776,2011-03-07,14,24,14,25,2
1777,2011-03-07,14,45,14,45,4
1778,2011-03-07,14,49,14,49,2
1779,2011-03-07,14,57,15,5,5
1780,2011-03-07,15,6,18,21,6
1781,2011-03-07,18,22,18,25,5
1782,2011-03-07,18,25,18,31,6
1783,2011-03-07,18,31,18,33,5
1784,2011-03-07,18,34,21,14,6
1785,2011-03-07,21,14,21,18,5
1786,2011-03-07,21,18,22,24,6
1787,2011-03-07,23,0,7,37,7
1788,2011-03-09,7,40,7,52,5
1789,2011-03-09,7,52,9,35,6
1790,2011-03-09,9,38,9,46,5
1791,2011-03-09,9,46,9,51,1
1792,2011-03-09,10,52,11,0,6
1793,2011-03-09,11,30,11,30,4
1794,2011-03-09,13,39,13,39,2
1795,2011-03-09,13,59,14,8,5
1796,2011-03-09,14,8,15,25,6
1797,2011-03-09,15,45,15,45,4
1798,2011-03-09,18,47,18,47,2
1799,2011-03-09,18,56,19,4,6
1800,2011-03-09,19,4,19,8,5
1801,2011-03-09,19,9,20,18,6
1802,2011-03-09,20,18,20,22,5
1803,2011-03-09,20,23,22,13,6
1804,2011-03-09,22,21,5,7,7
1805,2011-03-10,5,7,5,12,0
1806,2011-03-10,5,12,5,57,7
1807,2011-03-10,6,1,6,13,5
1808,2011-03-10,6,15,6,55,6
1809,2011-03-10,8,25,8,25,4
1810,2011-03-10,10,18,10,18,2
1811,2011-03-10,10,43,10,49,5
1812,2011-03-10,10,52,10,56,1
1813,2011-03-10,10,57,11,13,6
1814,2011-03-10,11,36,11,36,4
1815,2011-03-10,13,31,13,31,2
1816,2011-03-10,13,50,15,47,6
1817,2011-03-10,15,48,15,53,5
1818,2011-03-10,15,59,17,57,6
1819,2011-03-10,19,40,19,58,5
1820,2011-03-10,20,2,23,22,6
1821,2011-03-10,23,37,7,22,7
1822,2011-03-12,0,20,8,7,7
1823,2011-03-12,8,16,8,29,5
1824,2011-03-12,8,32,8,58,6
1825,2011-03-12,10,37,13,11,5
1826,2011-03-12,13,27,13,27,4
1827,2011-03-12,14,7,14,7,2
1828,2011-03-12,14,34,14,46,5
1829,2011-03-12,14,47,17,54,6
1830,2011-03-12,17,54,18,3,5
1831,2011-03-12,18,4,18,5,9
1832,2011-03-12,18,5,19,5,5
1833,2011-03-12,19,5,19,36,6
1834,2011-03-12,19,37,19,40,5
1835,2011-03-12,19,43,23,13,6
1836,2011-03-12,23,18,6,10,7
1837,2011-03-13,6,15,6,25,5
1838,2011-03-13,6,26,7,5,6
1839,2011-03-13,8,16,8,16,4
1840,2011-03-13,8,20,8,20,2
1841,2011-03-13,8,22,8,22,4
1842,2011-03-13,11,17,11,17,2
1843,2011-03-13,11,17,11,23,5
1844,2011-03-13,11,24,11,34,1
1845,2011-03-13,11,51,12,4,6
1846,2011-03-13,12,5,14,18,9
1847,2011-03-13,14,18,14,30,5
1848,2011-03-13,14,30,19,23,6
1849,2011-03-13,19,29,19,35,5
1850,2011-03-13,19,35,23,28,6
1851,2011-03-13,23,33,7,3,7
1852,2011-03-15,0,8,7,24,7
1853,2011-03-15,7,31,7,44,5
1854,2011-03-15,7,44,8,50,6
1855,2011-03-15,9,11,9,21,5
1856,2011-03-15,9,21,9,26,1
1857,2011-03-15,10,53,11,1,5
1858,2011-03-15,11,10,11,17,9
1859,2011-03-15,11,20,11,26,6
1860,2011-03-15,11,29,11,29,4
1861,2011-03-15,14,8,14,8,2
1862,2011-03-15,14,9,14,37,5
1863,2011-03-15,14,37,15,18,6
1864,2011-03-15,15,25,16,34,5
1865,2011-03-15,16,34,17,36,6
1866,2011-03-15,17,40,18,19,5
1867,2011-03-15,18,19,18,30,1
1868,2011-03-15,19,16,19,51,5
1869,2011-03-15,19,56,20,21,1
1870,2011-03-15,20,54,21,9,8
1871,2011-03-15,21,10,0,4,6
1872,2011-03-16,0,33,1,3,7
1873,2011-03-16,1,16,2,8,6
1874,2011-03-16,2,11,6,19,7
1875,2011-03-16,6,19,6,21,0
1876,2011-03-16,6,21,7,44,7
1877,2011-03-16,7,46,7,54,5
1878,2011-03-16,7,58,9,25,6
1879,2011-03-16,9,38,10,35,5
1880,2011-03-16,10,42,17,52,6
1881,2011-03-16,17,52,18,1,5
1882,2011-03-16,18,8,23,55,6
1883,2011-03-17,0,2,8,9,7
1884,2011-03-17,8,38,8,58,5
1885,2011-03-17,8,58,11,41,6
1886,2011-03-17,12,6,12,6,4
1887,2011-03-17,13,34,13,34,2
1888,2011-03-17,13,35,13,39,5
1889,2011-03-17,13,40,13,47,1
1890,2011-03-17,13,51,13,58,6
1891,2011-03-17,14,1,14,1,4
1892,2011-03-17,17,35,17,35,2
1893,2011-03-17,17,43,18,12,6
1894,2011-03-17,18,12,18,28,5
1895,2011-03-17,18,28,22,31,6
1896,2011-03-17,22,33,22,38,5
1897,2011-03-17,22,38,0,0,6
1898,2011-03-18,0,6,8,45,7
1899,2011-03-18,8,47,8,55,5
1900,2011-03-18,9,4,10,18,6
1901,2011-03-18,11,27,11,33,5
1902,2011-03-18,12,6,12,6,4
1903,2011-03-18,12,49,12,49,2
1904,2011-03-18,12,50,13,23,6
1905,2011-03-18,13,24,13,32,5
1906,2011-03-18,13,32,18,31,6
1907,2011-03-18,18,32,18,49,5
1908,2011-03-18,18,51,20,43,6
1909,2011-03-18,20,47,20,51,5
1910,2011-03-18,20,51,22,45,6
1911,2011-03-18,22,54,4,58,7
1912,2011-03-19,4,58,5,1,0
1913,2011-03-19,5,1,8,9,7
1914,2011-03-19,8,14,8,20,5
1915,2011-03-19,8,21,9,37,6
1916,2011-03-19,9,55,10,1,5
1917,2011-03-19,10,21,12,39,6
1918,2011-03-19,12,39,12,45,5
1919,2011-03-19,12,45,13,52,6
1920,2011-03-19,14,9,14,14,5
1921,2011-03-19,14,14,15,8,6
1922,2011-03-19,15,9,15,44,5
1923,2011-03-19,15,44,16,17,6
1924,2011-03-19,16,42,16,45,5
1925,2011-03-19,16,45,18,27,6
1926,2011-03-19,18,29,18,35,5
1927,2011-03-19,18,35,0,41,6
1928,2011-03-20,0,48,1,42,7
1929,2011-03-20,1,43,1,51,0
1930,2011-03-20,1,55,3,2,7
1931,2011-03-20,3,2,3,3,0
1932,2011-03-20,3,4,6,47,7
1933,2011-03-20,6,47,6,49,0
1934,2011-03-20,6,50,8,9,7
1935,2011-03-20,8,12,8,25,5
1936,2011-03-20,8,30,8,45,6
1937,2011-03-20,8,53,8,55,5
1938,2011-03-20,8,56,10,4,6
1939,2011-03-20,10,29,10,29,4
1940,2011-03-20,13,9,13,9,2
1941,2011-03-20,13,28,15,13,6
1942,2011-03-20,16,19,16,26,5
1943,2011-03-20,16,31,19,57,6
1944,2011-03-20,19,57,20,8,8
1945,2011-03-20,20,9,23,14,6
1946,2011-03-20,23,21,2,25,7
1947,2011-03-23,0,48,4,42,7
1948,2011-03-23,5,55,9,38,6
1949,2011-03-23,10,59,10,59,4
1950,2011-03-23,13,32,13,32,2
1951,2011-03-23,13,33,13,40,5
1952,2011-03-23,13,40,13,52,6
1953,2011-03-23,14,7,14,16,5
1954,2011-03-23,14,17,14,58,6
1955,2011-03-23,15,5,15,16,5
1956,2011-03-23,15,28,19,38,6
1957,2011-03-23,19,50,19,54,5
1958,2011-03-23,19,55,0,49,6
1959,2011-03-25,2,39,4,25,7
1960,2011-03-25,4,34,4,38,5
1961,2011-03-25,4,50,9,38,6
1962,2011-03-25,9,39,9,39,4
1963,2011-03-25,10,40,10,40,2
1964,2011-03-25,10,49,12,18,6
1965,2011-03-25,12,25,12,29,5
1966,2011-03-25,12,30,17,0,6
1967,2011-03-25,17,17,17,22,5
1968,2011-03-25,17,37,17,52,6
1969,2011-03-25,17,52,17,53,5
1970,2011-03-25,18,18,22,34,6
1971,2011-03-25,22,42,6,48,7
1972,2011-03-27,3,53,3,55,0
1973,2011-03-27,3,55,6,32,7
1974,2011-03-27,6,37,6,46,5
1975,2011-03-27,6,50,7,53,6
1976,2011-03-27,7,53,8,0,5
1977,2011-03-27,8,3,11,5,6
1978,2011-03-27,11,8,11,29,9
1979,2011-03-27,11,54,12,2,5
1980,2011-03-27,12,7,12,50,1
1981,2011-03-27,13,1,18,20,6
1982,2011-03-27,18,20,18,58,5
1983,2011-03-27,18,58,19,15,6
1984,2011-03-27,19,15,19,21,5
1985,2011-03-27,19,21,23,58,6
1986,2011-03-28,0,5,4,11,7
1987,2011-03-28,4,11,4,14,0
1988,2011-03-28,4,14,7,2,7
1989,2011-03-28,7,9,7,22,5
1990,2011-03-28,7,22,8,10,6
1991,2011-03-28,9,12,9,15,5
1992,2011-03-28,9,15,9,24,1
1993,2011-03-28,9,41,9,41,4
1994,2011-03-28,10,30,10,30,2
1995,2011-03-28,10,34,10,48,9
1996,2011-03-28,10,51,11,6,5
1997,2011-03-28,11,14,13,23,6
1998,2011-03-28,13,31,13,31,4
1999,2011-03-28,13,34,13,34,2
2000,2011-03-28,13,52,14,22,6
2001,2011-03-28,15,11,15,11,4
2002,2011-03-28,15,14,15,14,2
2003,2011-03-28,15,38,18,18,6
2004,2011-03-28,18,28,18,32,5
2005,2011-03-28,18,34,20,8,6
2006,2011-03-28,20,13,20,16,5
2007,2011-03-28,20,16,2,14,6
2008,2011-03-29,2,17,6,27,7
2009,2011-03-29,6,35,6,46,5
2010,2011-03-29,6,47,10,11,6
2011,2011-03-29,10,24,10,24,4
2012,2011-03-29,11,39,11,39,2
2013,2011-03-29,13,31,13,31,4
2014,2011-03-29,14,25,14,25,2
2015,2011-03-29,14,34,14,46,5
2016,2011-03-29,14,46,19,23,6
2017,2011-03-29,19,25,19,37,5
2018,2011-03-29,19,37,0,4,6
2019,2011-03-30,0,16,1,19,7
2020,2011-03-30,1,19,1,20,0
2021,2011-03-30,1,20,5,46,7
2022,2011-03-30,5,46,5,48,0
2023,2011-03-30,5,49,7,5,7
2024,2011-03-30,7,7,7,10,5
2025,2011-03-30,7,18,9,1,6
2026,2011-03-30,9,16,9,27,5
2027,2011-03-30,9,36,12,16,6
2028,2011-03-30,12,17,12,23,5
2029,2011-03-30,12,24,18,51,6
2030,2011-03-30,18,51,18,56,5
2031,2011-03-30,18,57,0,13,6
2032,2011-03-31,0,16,4,45,7
2033,2011-03-31,4,46,4,49,0
2034,2011-03-31,4,50,6,26,7
2035,2011-03-31,6,26,6,39,5
2036,2011-03-31,6,39,8,16,6
2037,2011-03-31,8,30,8,30,4
2038,2011-03-31,10,19,10,19,2
2039,2011-03-31,10,23,11,6,6
2040,2011-03-31,11,25,11,42,5
2041,2011-03-31,11,42,13,0,6
2042,2011-03-31,13,37,13,37,4
2043,2011-03-31,17,21,17,21,2
2044,2011-03-31,17,25,17,30,5
2045,2011-03-31,17,33,23,46,6
2046,2011-04-01,0,33,1,13,7
2047,2011-04-01,1,13,1,16,0
2048,2011-04-01,1,16,5,10,7
2049,2011-04-01,5,17,5,22,5
2050,2011-04-01,5,22,7,23,6
2051,2011-04-01,7,30,7,50,5
2052,2011-04-01,7,51,8,37,6
2053,2011-04-01,8,42,9,2,9
2054,2011-04-01,10,7,10,31,8
2055,2011-04-01,10,36,10,36,4
2056,2011-04-01,11,39,11,39,2
2057,2011-04-01,11,45,12,8,5
2058,2011-04-01,12,8,15,19,6
2059,2011-04-01,15,22,15,50,5
2060,2011-04-01,15,51,16,49,6
2061,2011-04-01,17,28,17,28,4
2062,2011-04-01,17,34,17,34,2
2063,2011-04-01,17,49,18,12,6
2064,2011-04-01,18,23,18,23,4
2065,2011-04-01,22,15,22,15,2
2066,2011-04-01,22,32,3,43,6
2067,2011-04-03,1,39,6,1,7
2068,2011-04-03,6,2,6,15,5
2069,2011-04-03,6,15,7,3,6
2070,2011-04-03,7,56,7,59,5
2071,2011-04-03,8,2,8,8,1
2072,2011-04-03,8,37,8,38,4
2073,2011-04-03,12,15,12,15,2
2074,2011-04-03,12,16,12,34,5
2075,2011-04-03,12,34,15,10,6
2076,2011-04-03,15,42,21,47,7
2077,2011-04-03,21,56,22,7,5
2078,2011-04-03,22,16,23,27,6
2079,2011-04-03,23,27,23,33,5
2080,2011-04-03,23,33,0,38,6
2081,2011-04-04,0,42,1,42,6
2082,2011-04-04,2,11,8,22,7
2083,2011-04-04,8,31,8,43,5
2084,2011-04-04,8,44,10,24,6
2085,2011-04-04,10,24,10,52,5
2086,2011-04-04,10,55,13,11,6
2087,2011-04-04,13,11,13,32,5
2088,2011-04-04,13,32,18,35,6
2089,2011-04-04,18,38,18,46,5
2090,2011-04-04,18,47,22,45,6
2091,2011-04-04,22,52,4,26,7
2092,2011-04-06,0,53,7,57,7
2093,2011-04-06,8,4,8,19,5
2094,2011-04-06,9,24,13,29,6
2095,2011-04-06,13,38,13,44,5
2096,2011-04-06,13,44,16,1,6
2097,2011-04-06,16,3,16,51,5
2098,2011-04-06,17,55,19,36,6
2099,2011-04-06,19,36,19,44,5
2100,2011-04-06,19,44,22,33,6
2101,2011-04-06,22,33,22,38,5
2102,2011-04-06,22,38,22,58,6
2103,2011-04-06,23,7,3,34,7
2104,2011-04-08,7,27,7,32,5
2105,2011-04-08,7,35,7,46,9
2106,2011-04-08,7,49,8,15,6
2107,2011-04-08,9,17,9,20,5
2108,2011-04-08,9,38,9,45,1
2109,2011-04-08,10,7,10,14,5
2110,2011-04-08,11,10,11,10,4
2111,2011-04-08,14,24,14,24,2
2112,2011-04-08,14,59,14,59,4
2113,2011-04-08,16,11,16,11,2
2114,2011-04-08,16,16,16,16,4
2115,2011-04-08,17,54,17,54,2
2116,2011-04-08,18,4,18,22,5
2117,2011-04-08,18,22,18,54,6
2118,2011-04-08,18,54,18,59,5
2119,2011-04-08,18,59,23,35,6
2120,2011-04-08,23,45,3,58,7
2121,2011-04-09,3,58,4,0,0
2122,2011-04-09,4,0,7,22,7
2123,2011-04-09,7,31,7,42,5
2124,2011-04-09,7,44,8,29,6
2125,2011-04-09,8,38,10,58,5
2126,2011-04-09,11,1,13,33,6
2127,2011-04-09,13,44,13,49,5
2128,2011-04-09,13,52,15,19,6
2129,2011-04-09,15,27,15,43,5
2130,2011-04-09,15,58,17,49,6
2131,2011-04-09,17,49,17,54,5
2132,2011-04-09,17,59,23,36,6
2133,2011-04-09,23,42,4,21,7
2134,2011-04-11,3,42,3,44,0
2135,2011-04-11,3,44,7,22,7
2136,2011-04-11,7,29,7,36,5
2137,2011-04-11,7,36,7,36,4
2138,2011-04-11,7,39,7,39,2
2139,2011-04-11,7,46,8,10,6
2140,2011-04-11,9,18,9,24,9
2141,2011-04-11,9,24,10,3,5
2142,2011-04-11,10,3,10,7,1
2143,2011-04-11,11,4,11,4,4
2144,2011-04-11,13,59,13,59,2
2145,2011-04-11,14,1,14,10,5
2146,2011-04-11,14,10,15,16,6
2147,2011-04-11,15,41,15,41,4
2148,2011-04-11,15,46,15,46,2
2149,2011-04-11,15,53,15,53,4
2150,2011-04-11,18,33,18,33,2
2151,2011-04-11,18,35,19,14,5
2152,2011-04-11,19,14,23,34,6
2153,2011-04-11,23,43,7,2,7
2154,2011-04-13,0,14,4,36,7
2155,2011-04-13,4,36,4,38,0
2156,2011-04-13,4,38,6,42,7
2157,2011-04-13,6,49,7,2,5
2158,2011-04-13,7,2,7,27,6
2159,2011-04-13,8,21,8,44,5
2160,2011-04-13,8,44,8,54,1
2161,2011-04-13,9,33,9,34,4
2162,2011-04-13,12,21,12,22,2
2163,2011-04-13,12,31,12,41,5
2164,2011-04-13,12,42,16,23,6
2165,2011-04-13,16,52,17,6,5
2166,2011-04-13,17,18,23,53,6
2167,2011-04-14,0,17,4,13,7
2168,2011-04-14,4,13,4,15,0
2169,2011-04-14,4,16,8,42,7
2170,2011-04-14,8,49,9,5,5
2171,2011-04-14,9,5,9,47,6
2172,2011-04-14,9,55,10,12,9
2173,2011-04-14,10,12,10,18,6
2174,2011-04-14,10,21,10,51,9
2175,2011-04-14,11,8,11,17,6
2176,2011-04-14,11,18,11,53,5
2177,2011-04-14,12,9,12,47,1
2178,2011-04-14,12,48,14,7,6
2179,2011-04-14,14,24,14,40,5
2180,2011-04-14,14,43,14,53,6
2181,2011-04-14,14,55,15,6,1
2182,2011-04-14,15,14,16,16,6
2183,2011-04-14,16,16,16,26,5
2184,2011-04-14,16,38,17,20,6
2185,2011-04-14,17,20,17,28,5
2186,2011-04-14,17,28,19,55,6
2187,2011-04-14,19,55,19,57,5
2188,2011-04-14,20,9,22,2,6
2189,2011-04-14,22,21,3,20,7
2190,2011-04-15,3,21,3,23,0
2191,2011-04-15,3,23,5,24,7
2192,2011-04-15,5,28,5,36,5
2193,2011-04-15,5,37,6,37,6
2194,2011-04-15,7,36,7,52,5
2195,2011-04-15,7,52,7,59,6
2196,2011-04-15,8,15,8,18,5
2197,2011-04-15,8,23,12,56,6
2198,2011-04-15,13,14,13,20,5
2199,2011-04-15,13,25,13,25,4
2200,2011-04-15,15,49,15,49,2
2201,2011-04-15,16,21,17,9,6
2202,2011-04-15,17,11,17,11,4
2203,2011-04-15,17,36,17,36,2
2204,2011-04-15,17,41,18,13,5
2205,2011-04-15,18,13,18,19,6
2206,2011-04-15,18,19,18,39,5
2207,2011-04-15,18,39,23,47,6
2208,2011-04-15,23,48,6,19,7
2209,2011-04-16,6,25,6,39,5
2210,2011-04-16,6,40,8,19,6
2211,2011-04-16,8,28,8,34,5
2212,2011-04-16,8,37,9,0,9
2213,2011-04-16,9,46,9,52,5
2214,2011-04-16,9,52,10,2,6
2215,2011-04-16,10,39,10,39,4
2216,2011-04-16,15,59,15,59,2
2217,2011-04-16,16,7,18,29,6
2218,2011-04-16,18,29,18,35,5
2219,2011-04-16,18,35,20,0,6
2220,2011-04-16,20,1,20,5,5
2221,2011-04-16,20,7,20,13,6
2222,2011-04-16,20,13,20,20,5
2223,2011-04-16,20,20,0,10,6
2224,2011-04-17,0,10,3,49,7
2225,2011-04-17,3,49,3,52,0
2226,2011-04-17,3,52,7,24,7
2227,2011-04-17,7,31,7,50,5
2228,2011-04-17,7,51,8,7,6
2229,2011-04-17,9,52,9,52,4
2230,2011-04-17,12,10,12,10,2
2231,2011-04-17,12,13,13,22,5
2232,2011-04-17,14,35,14,35,4
2233,2011-04-17,14,41,14,42,2
2234,2011-04-17,15,9,18,20,6
2235,2011-04-17,18,20,18,25,5
2236,2011-04-17,18,25,18,32,6
2237,2011-04-17,18,40,18,44,5
2238,2011-04-17,18,44,19,30,6
2239,2011-04-17,19,30,19,38,5
2240,2011-04-17,19,38,0,22,6
2241,2011-04-18,0,23,0,41,6
2242,2011-04-18,0,44,5,45,7
2243,2011-04-18,5,45,5,47,0
2244,2011-04-18,5,47,8,15,7
2245,2011-04-18,8,16,8,31,5
2246,2011-04-18,8,32,9,20,6
2247,2011-04-18,9,38,9,57,5
2248,2011-04-18,10,1,10,7,1
2249,2011-04-18,11,56,12,2,5
2250,2011-04-18,12,2,13,30,6
2251,2011-04-18,13,43,15,5,5
2252,2011-04-18,15,7,17,24,6
2253,2011-04-18,17,25,17,52,5
2254,2011-04-18,18,2,0,32,6
2255,2011-04-21,1,17,1,20,0
2256,2011-04-21,1,20,5,44,7
2257,2011-04-21,5,59,7,15,6
2258,2011-04-21,7,38,7,38,4
2259,2011-04-21,11,50,11,50,2
2260,2011-04-21,11,58,14,56,6
2261,2011-04-21,15,8,15,18,5
2262,2011-04-21,15,53,16,13,9
2263,2011-04-21,16,15,16,45,6
2264,2011-04-21,16,45,17,4,5
2265,2011-04-21,17,4,0,2,6
2266,2011-04-22,0,3,6,1,7
2267,2011-04-22,6,1,6,3,0
2268,2011-04-22,6,3,6,9,7
2269,2011-04-22,6,11,6,21,5
2270,2011-04-22,6,24,7,23,6
2271,2011-04-22,7,28,7,34,5
2272,2011-04-22,7,34,7,38,9
2273,2011-04-22,7,42,7,42,4
2274,2011-04-22,8,39,8,39,2
2275,2011-04-22,9,2,9,47,9
2276,2011-04-22,9,48,10,0,5
2277,2011-04-22,10,15,10,53,6
2278,2011-04-22,13,9,13,14,9
2279,2011-04-22,13,21,13,21,4
2280,2011-04-22,17,12,17,12,2
2281,2011-04-22,17,17,18,28,6
2282,2011-04-22,18,40,18,40,4
2283,2011-04-22,21,51,21,51,2
2284,2011-04-22,22,3,23,17,6
2285,2011-04-22,23,23,5,1,7
2286,2011-04-24,6,32,6,46,5
2287,2011-04-24,6,46,7,58,6
2288,2011-04-24,8,4,8,12,5
2289,2011-04-24,8,37,8,54,6
2290,2011-04-24,9,5,9,8,5
2291,2011-04-24,10,20,10,20,4
2292,2011-04-24,16,2,16,2,2
2293,2011-04-24,16,22,16,22,4
2294,2011-04-24,16,25,16,25,2
2295,2011-04-24,16,27,19,1,6
2296,2011-04-24,19,1,19,4,5
2297,2011-04-24,19,4,0,15,6
2298,2011-04-26,5,14,5,26,5
2299,2011-04-26,5,26,6,58,6
2300,2011-04-26,7,0,7,2,5
2301,2011-04-26,7,2,7,10,9
2302,2011-04-26,7,45,7,52,5
2303,2011-04-26,7,52,7,57,1
2304,2011-04-26,8,43,8,43,4
2305,2011-04-26,8,46,8,47,2
2306,2011-04-26,8,51,8,51,4
2307,2011-04-26,8,59,8,59,2
2308,2011-04-26,9,1,9,19,6
2309,2011-04-26,9,19,9,20,4
2310,2011-04-26,13,49,13,49,2
2311,2011-04-26,14,3,19,51,6
2312,2011-04-26,19,52,20,14,5
2313,2011-04-26,20,14,21,8,6
2314,2011-04-26,21,9,21,14,5
2315,2011-04-26,21,17,23,56,6
